{"auto_resume":false,"event":"sync_started","max_pages":10,"max_product_retries":2,"max_products":20,"mode":"full","page_size":null,"recover_failed_run_id":null,"requested_period_end":null,"requested_period_start":null,"resume_run_id":2,"service":"bulario-service","timestamp":"2026-09-21T17:29:08.199Z"}
{"checkpoint_page":6,"conflicts":0,"discovered":20,"duplicates":0,"duration_seconds":103.651,"event":"sync_result","failed":0,"failed_by_class":{},"inserted":19,"mode":"full","pages_fetched":2,"period_end":"2026-09-21T23:59:59.999Z","period_start":"2000-01-01T00:00:00.000Z","processed":20,"published":19,"ready":20,"resumed":true,"retries":0,"run_id":2,"run_status":"paused","service":"bulario-service","skipped_terminal":0,"source_total_elements":8829,"start_page":5,"stopped_by_page_limit":false,"stopped_by_product_limit":true,"stopped_by_source_blocked":false,"timestamp":"2026-09-21T17:30:52.917Z","unchanged":1}
Browser session bootstrap: OK
Browser closed. Starting full sync...
Full sync: run_id=2 run_status=paused run_mode=full period_start=2000-01-01T00:00:00.000Z period_end=2026-09-21T23:59:59.999Z resumed=true start_page=5 last_completed_page=6 pages_fetched=2 source_total_elements=8829 discovered=20 duplicates=0 skipped_terminal=0 processed=20 ready=20 failed=0 retries=0 duration_seconds=103.651 stopped_by_page_limit=false stopped_by_product_limit=true stopped_by_source_blocked=false
Full item source_product_id=408174 status=ready item_id=42 source_document_id=34583103 publish_action=inserted public_row_id=42 error_code=- error_class=- retries=0
Full item source_product_id=408569 status=ready item_id=43 source_document_id=34484847 publish_action=inserted public_row_id=43 error_code=- error_class=- retries=0
Full item source_product_id=409640 status=ready item_id=44 source_document_id=25740747 publish_action=inserted public_row_id=44 error_code=- error_class=- retries=0
Full item source_product_id=411183 status=ready item_id=45 source_document_id=25710311 publish_action=inserted public_row_id=45 error_code=- error_class=- retries=0
Full item source_product_id=411185 status=ready item_id=46 source_document_id=35486776 publish_action=unchanged public_row_id=1 error_code=- error_class=- retries=0
Full item source_product_id=407316 status=ready item_id=47 source_document_id=34585160 publish_action=inserted public_row_id=46 error_code=- error_class=- retries=0
Full item source_product_id=409643 status=ready item_id=48 source_document_id=34255717 publish_action=inserted public_row_id=47 error_code=- error_class=- retries=0
Full item source_product_id=412829 status=ready item_id=49 source_document_id=34538556 publish_action=inserted public_row_id=48 error_code=- error_class=- retries=0
Full item source_product_id=69828 status=ready item_id=50 source_document_id=10328388 publish_action=inserted public_row_id=49 error_code=- error_class=- retries=0
Full item source_product_id=408214 status=ready item_id=51 source_document_id=35265211 publish_action=inserted public_row_id=50 error_code=- error_class=- retries=0
Full item source_product_id=345320 status=ready item_id=52 source_document_id=35175697 publish_action=inserted public_row_id=51 error_code=- error_class=- retries=0
Full item source_product_id=406358 status=ready item_id=53 source_document_id=34513802 publish_action=inserted public_row_id=52 error_code=- error_class=- retries=0
Full item source_product_id=410164 status=ready item_id=54 source_document_id=22474365 publish_action=inserted public_row_id=53 error_code=- error_class=- retries=0
Full item source_product_id=415167 status=ready item_id=55 source_document_id=30298528 publish_action=inserted public_row_id=54 error_code=- error_class=- retries=0
Full item source_product_id=405159 status=ready item_id=56 source_document_id=33880564 publish_action=inserted public_row_id=55 error_code=- error_class=- retries=0
Full item source_product_id=372891 status=ready item_id=57 source_document_id=34591891 publish_action=inserted public_row_id=56 error_code=- error_class=- retries=0
Full item source_product_id=407849 status=ready item_id=58 source_document_id=35293883 publish_action=inserted public_row_id=57 error_code=- error_class=- retries=0
Full item source_product_id=345604 status=ready item_id=59 source_document_id=34833678 publish_action=inserted public_row_id=58 error_code=- error_class=- retries=0
Full item source_product_id=409656 status=ready item_id=60 source_document_id=34525734 publish_action=inserted public_row_id=59 error_code=- error_class=- retries=0
Full item source_product_id=401921 status=ready item_id=61 source_document_id=34570099 publish_action=inserted public_row_id=60 error_code=- error_class=- retries=0
full_sync_ready=true
{"auto_resume":false,"event":"sync_started","max_pages":1000,"max_product_retries":2,"max_products":10000,"mode":"full","page_size":null,"recover_failed_run_id":null,"requested_period_end":null,"requested_period_start":null,"resume_run_id":2,"service":"bulario-service","timestamp":"2026-09-21T17:35:50.583Z"}
Traceback (most recent call last):
  File "/home/baldon/Projetos/bulario-service/.venv/lib/python3.13/site-packages/sqlalchemy/pool/base.py", line 1319, in _checkout
    raise exc.InvalidatePoolError()
sqlalchemy.exc.InvalidatePoolError: ()

During handling of the above exception, another exception occurred:

Traceback (most recent call last):
  File "/home/baldon/Projetos/bulario-service/.venv/lib/python3.13/site-packages/sqlalchemy/engine/base.py", line 144, in __init__
    self._dbapi_connection = engine.raw_connection()
                             ~~~~~~~~~~~~~~~~~~~~~^^
  File "/home/baldon/Projetos/bulario-service/.venv/lib/python3.13/site-packages/sqlalchemy/engine/base.py", line 3319, in raw_connection
    return self.pool.connect()
           ~~~~~~~~~~~~~~~~~^^
  File "/home/baldon/Projetos/bulario-service/.venv/lib/python3.13/site-packages/sqlalchemy/pool/base.py", line 448, in connect
    return _ConnectionFairy._checkout(self)
           ~~~~~~~~~~~~~~~~~~~~~~~~~~^^^^^^
  File "/home/baldon/Projetos/bulario-service/.venv/lib/python3.13/site-packages/sqlalchemy/pool/base.py", line 1353, in _checkout
    with util.safe_reraise():
         ~~~~~~~~~~~~~~~~~^^
  File "/home/baldon/Projetos/bulario-service/.venv/lib/python3.13/site-packages/sqlalchemy/util/langhelpers.py", line 122, in __exit__
    raise exc_value.with_traceback(exc_tb)
  File "/home/baldon/Projetos/bulario-service/.venv/lib/python3.13/site-packages/sqlalchemy/pool/base.py", line 1350, in _checkout
    fairy._connection_record.get_connection()
    ~~~~~~~~~~~~~~~~~~~~~~~~~~~~~~~~~~~~~~~^^
  File "/home/baldon/Projetos/bulario-service/.venv/lib/python3.13/site-packages/sqlalchemy/pool/base.py", line 837, in get_connection
    self.__connect()
    ~~~~~~~~~~~~~~^^
  File "/home/baldon/Projetos/bulario-service/.venv/lib/python3.13/site-packages/sqlalchemy/pool/base.py", line 900, in __connect
    with util.safe_reraise():
         ~~~~~~~~~~~~~~~~~^^
  File "/home/baldon/Projetos/bulario-service/.venv/lib/python3.13/site-packages/sqlalchemy/util/langhelpers.py", line 122, in __exit__
    raise exc_value.with_traceback(exc_tb)
  File "/home/baldon/Projetos/bulario-service/.venv/lib/python3.13/site-packages/sqlalchemy/pool/base.py", line 896, in __connect
    self.dbapi_connection = connection = pool._invoke_creator(self)
                                         ~~~~~~~~~~~~~~~~~~~~^^^^^^
  File "/home/baldon/Projetos/bulario-service/.venv/lib/python3.13/site-packages/sqlalchemy/engine/create.py", line 667, in connect
    return dialect.connect(*cargs_tup, **cparams)
           ~~~~~~~~~~~~~~~^^^^^^^^^^^^^^^^^^^^^^^
  File "/home/baldon/Projetos/bulario-service/.venv/lib/python3.13/site-packages/sqlalchemy/engine/default.py", line 630, in connect
    return self.loaded_dbapi.connect(*cargs, **cparams)  # type: ignore[no-any-return]  # NOQA: E501
           ~~~~~~~~~~~~~~~~~~~~~~~~~^^^^^^^^^^^^^^^^^^^
  File "/home/baldon/Projetos/bulario-service/.venv/lib/python3.13/site-packages/psycopg/connection.py", line 122, in connect
    raise last_ex.with_traceback(None)
psycopg.OperationalError: connection failed: connection to server at "127.0.0.1", port 5433 failed: Connection refused
	Is the server running on that host and accepting TCP/IP connections?

The above exception was the direct cause of the following exception:

Traceback (most recent call last):
  File "/home/baldon/Projetos/bulario-service/src/bulario_service/e2e_pipeline.py", line 232, in process_discovered_product
    transition_ingestion_item(
    ~~~~~~~~~~~~~~~~~~~~~~~~~^
        session,
        ^^^^^^^^
        item,
        ^^^^^
        to_status=ITEM_STATUS_DOWNLOADED,
        ^^^^^^^^^^^^^^^^^^^^^^^^^^^^^^^^^
    )
    ^
  File "/home/baldon/Projetos/bulario-service/src/bulario_service/ingestion.py", line 166, in transition_ingestion_item
    allowed = _ITEM_TRANSITIONS.get(item.status)
                                    ^^^^^^^^^^^
  File "/home/baldon/Projetos/bulario-service/.venv/lib/python3.13/site-packages/sqlalchemy/orm/attributes.py", line 569, in __get__
    return self.impl.get(state, dict_)  # type: ignore[no-any-return]
           ~~~~~~~~~~~~~^^^^^^^^^^^^^^
  File "/home/baldon/Projetos/bulario-service/.venv/lib/python3.13/site-packages/sqlalchemy/orm/attributes.py", line 1096, in get
    value = self._fire_loader_callables(state, key, passive)
  File "/home/baldon/Projetos/bulario-service/.venv/lib/python3.13/site-packages/sqlalchemy/orm/attributes.py", line 1126, in _fire_loader_callables
    return state._load_expired(state, passive)
           ~~~~~~~~~~~~~~~~~~~^^^^^^^^^^^^^^^^
  File "/home/baldon/Projetos/bulario-service/.venv/lib/python3.13/site-packages/sqlalchemy/orm/state.py", line 828, in _load_expired
    self.manager.expired_attribute_loader(self, toload, passive)
    ~~~~~~~~~~~~~~~~~~~~~~~~~~~~~~~~~~~~~^^^^^^^^^^^^^^^^^^^^^^^
  File "/home/baldon/Projetos/bulario-service/.venv/lib/python3.13/site-packages/sqlalchemy/orm/loading.py", line 1674, in load_scalar_attributes
    result = load_on_ident(
        session,
    ...<4 lines>...
        no_autoflush=no_autoflush,
    )
  File "/home/baldon/Projetos/bulario-service/.venv/lib/python3.13/site-packages/sqlalchemy/orm/loading.py", line 510, in load_on_ident
    return load_on_pk_identity(
        session,
    ...<11 lines>...
        is_user_refresh=is_user_refresh,
    )
  File "/home/baldon/Projetos/bulario-service/.venv/lib/python3.13/site-packages/sqlalchemy/orm/loading.py", line 695, in load_on_pk_identity
    session.execute(
    ~~~~~~~~~~~~~~~^
        q,
        ^^
    ...<2 lines>...
        bind_arguments=bind_arguments,
        ^^^^^^^^^^^^^^^^^^^^^^^^^^^^^^
    )
    ^
  File "/home/baldon/Projetos/bulario-service/.venv/lib/python3.13/site-packages/sqlalchemy/orm/session.py", line 2373, in execute
    return self._execute_internal(
           ~~~~~~~~~~~~~~~~~~~~~~^
        statement,
        ^^^^^^^^^^
    ...<4 lines>...
        _add_event=_add_event,
        ^^^^^^^^^^^^^^^^^^^^^^
    )
    ^
  File "/home/baldon/Projetos/bulario-service/.venv/lib/python3.13/site-packages/sqlalchemy/orm/session.py", line 2261, in _execute_internal
    conn = self._connection_for_bind(bind)
  File "/home/baldon/Projetos/bulario-service/.venv/lib/python3.13/site-packages/sqlalchemy/orm/session.py", line 2113, in _connection_for_bind
    return trans._connection_for_bind(engine, execution_options)
           ~~~~~~~~~~~~~~~~~~~~~~~~~~^^^^^^^^^^^^^^^^^^^^^^^^^^^
  File "<string>", line 2, in _connection_for_bind
  File "/home/baldon/Projetos/bulario-service/.venv/lib/python3.13/site-packages/sqlalchemy/orm/state_changes.py", line 137, in _go
    ret_value = fn(self, *arg, **kw)
  File "/home/baldon/Projetos/bulario-service/.venv/lib/python3.13/site-packages/sqlalchemy/orm/session.py", line 1191, in _connection_for_bind
    conn = bind.connect()
  File "/home/baldon/Projetos/bulario-service/.venv/lib/python3.13/site-packages/sqlalchemy/engine/base.py", line 3295, in connect
    return self._connection_cls(self)
           ~~~~~~~~~~~~~~~~~~~~^^^^^^
  File "/home/baldon/Projetos/bulario-service/.venv/lib/python3.13/site-packages/sqlalchemy/engine/base.py", line 146, in __init__
    Connection._handle_dbapi_exception_noconnection(
    ~~~~~~~~~~~~~~~~~~~~~~~~~~~~~~~~~~~~~~~~~~~~~~~^
        err, dialect, engine
        ^^^^^^^^^^^^^^^^^^^^
    )
    ^
  File "/home/baldon/Projetos/bulario-service/.venv/lib/python3.13/site-packages/sqlalchemy/engine/base.py", line 2450, in _handle_dbapi_exception_noconnection
    raise sqlalchemy_exception.with_traceback(exc_info[2]) from e
  File "/home/baldon/Projetos/bulario-service/.venv/lib/python3.13/site-packages/sqlalchemy/engine/base.py", line 144, in __init__
    self._dbapi_connection = engine.raw_connection()
                             ~~~~~~~~~~~~~~~~~~~~~^^
  File "/home/baldon/Projetos/bulario-service/.venv/lib/python3.13/site-packages/sqlalchemy/engine/base.py", line 3319, in raw_connection
    return self.pool.connect()
           ~~~~~~~~~~~~~~~~~^^
  File "/home/baldon/Projetos/bulario-service/.venv/lib/python3.13/site-packages/sqlalchemy/pool/base.py", line 448, in connect
    return _ConnectionFairy._checkout(self)
           ~~~~~~~~~~~~~~~~~~~~~~~~~~^^^^^^
  File "/home/baldon/Projetos/bulario-service/.venv/lib/python3.13/site-packages/sqlalchemy/pool/base.py", line 1353, in _checkout
    with util.safe_reraise():
         ~~~~~~~~~~~~~~~~~^^
  File "/home/baldon/Projetos/bulario-service/.venv/lib/python3.13/site-packages/sqlalchemy/util/langhelpers.py", line 122, in __exit__
    raise exc_value.with_traceback(exc_tb)
  File "/home/baldon/Projetos/bulario-service/.venv/lib/python3.13/site-packages/sqlalchemy/pool/base.py", line 1350, in _checkout
    fairy._connection_record.get_connection()
    ~~~~~~~~~~~~~~~~~~~~~~~~~~~~~~~~~~~~~~~^^
  File "/home/baldon/Projetos/bulario-service/.venv/lib/python3.13/site-packages/sqlalchemy/pool/base.py", line 837, in get_connection
    self.__connect()
    ~~~~~~~~~~~~~~^^
  File "/home/baldon/Projetos/bulario-service/.venv/lib/python3.13/site-packages/sqlalchemy/pool/base.py", line 900, in __connect
    with util.safe_reraise():
         ~~~~~~~~~~~~~~~~~^^
  File "/home/baldon/Projetos/bulario-service/.venv/lib/python3.13/site-packages/sqlalchemy/util/langhelpers.py", line 122, in __exit__
    raise exc_value.with_traceback(exc_tb)
  File "/home/baldon/Projetos/bulario-service/.venv/lib/python3.13/site-packages/sqlalchemy/pool/base.py", line 896, in __connect
    self.dbapi_connection = connection = pool._invoke_creator(self)
                                         ~~~~~~~~~~~~~~~~~~~~^^^^^^
  File "/home/baldon/Projetos/bulario-service/.venv/lib/python3.13/site-packages/sqlalchemy/engine/create.py", line 667, in connect
    return dialect.connect(*cargs_tup, **cparams)
           ~~~~~~~~~~~~~~~^^^^^^^^^^^^^^^^^^^^^^^
  File "/home/baldon/Projetos/bulario-service/.venv/lib/python3.13/site-packages/sqlalchemy/engine/default.py", line 630, in connect
    return self.loaded_dbapi.connect(*cargs, **cparams)  # type: ignore[no-any-return]  # NOQA: E501
           ~~~~~~~~~~~~~~~~~~~~~~~~~^^^^^^^^^^^^^^^^^^^
  File "/home/baldon/Projetos/bulario-service/.venv/lib/python3.13/site-packages/psycopg/connection.py", line 122, in connect
    raise last_ex.with_traceback(None)
sqlalchemy.exc.OperationalError: (psycopg.OperationalError) connection failed: connection to server at "127.0.0.1", port 5433 failed: Connection refused
	Is the server running on that host and accepting TCP/IP connections?
(Background on this error at: https://sqlalche.me/e/20/e3q8)

During handling of the above exception, another exception occurred:

Traceback (most recent call last):
  File "/home/baldon/Projetos/bulario-service/.venv/lib/python3.13/site-packages/sqlalchemy/engine/base.py", line 144, in __init__
    self._dbapi_connection = engine.raw_connection()
                             ~~~~~~~~~~~~~~~~~~~~~^^
  File "/home/baldon/Projetos/bulario-service/.venv/lib/python3.13/site-packages/sqlalchemy/engine/base.py", line 3319, in raw_connection
    return self.pool.connect()
           ~~~~~~~~~~~~~~~~~^^
  File "/home/baldon/Projetos/bulario-service/.venv/lib/python3.13/site-packages/sqlalchemy/pool/base.py", line 448, in connect
    return _ConnectionFairy._checkout(self)
           ~~~~~~~~~~~~~~~~~~~~~~~~~~^^^^^^
  File "/home/baldon/Projetos/bulario-service/.venv/lib/python3.13/site-packages/sqlalchemy/pool/base.py", line 1272, in _checkout
    fairy = _ConnectionRecord.checkout(pool)
  File "/home/baldon/Projetos/bulario-service/.venv/lib/python3.13/site-packages/sqlalchemy/pool/base.py", line 717, in checkout
    with util.safe_reraise():
         ~~~~~~~~~~~~~~~~~^^
  File "/home/baldon/Projetos/bulario-service/.venv/lib/python3.13/site-packages/sqlalchemy/util/langhelpers.py", line 122, in __exit__
    raise exc_value.with_traceback(exc_tb)
  File "/home/baldon/Projetos/bulario-service/.venv/lib/python3.13/site-packages/sqlalchemy/pool/base.py", line 715, in checkout
    dbapi_connection = rec.get_connection()
  File "/home/baldon/Projetos/bulario-service/.venv/lib/python3.13/site-packages/sqlalchemy/pool/base.py", line 837, in get_connection
    self.__connect()
    ~~~~~~~~~~~~~~^^
  File "/home/baldon/Projetos/bulario-service/.venv/lib/python3.13/site-packages/sqlalchemy/pool/base.py", line 900, in __connect
    with util.safe_reraise():
         ~~~~~~~~~~~~~~~~~^^
  File "/home/baldon/Projetos/bulario-service/.venv/lib/python3.13/site-packages/sqlalchemy/util/langhelpers.py", line 122, in __exit__
    raise exc_value.with_traceback(exc_tb)
  File "/home/baldon/Projetos/bulario-service/.venv/lib/python3.13/site-packages/sqlalchemy/pool/base.py", line 896, in __connect
    self.dbapi_connection = connection = pool._invoke_creator(self)
                                         ~~~~~~~~~~~~~~~~~~~~^^^^^^
  File "/home/baldon/Projetos/bulario-service/.venv/lib/python3.13/site-packages/sqlalchemy/engine/create.py", line 667, in connect
    return dialect.connect(*cargs_tup, **cparams)
           ~~~~~~~~~~~~~~~^^^^^^^^^^^^^^^^^^^^^^^
  File "/home/baldon/Projetos/bulario-service/.venv/lib/python3.13/site-packages/sqlalchemy/engine/default.py", line 630, in connect
    return self.loaded_dbapi.connect(*cargs, **cparams)  # type: ignore[no-any-return]  # NOQA: E501
           ~~~~~~~~~~~~~~~~~~~~~~~~~^^^^^^^^^^^^^^^^^^^
  File "/home/baldon/Projetos/bulario-service/.venv/lib/python3.13/site-packages/psycopg/connection.py", line 122, in connect
    raise last_ex.with_traceback(None)
psycopg.OperationalError: connection failed: connection to server at "127.0.0.1", port 5433 failed: Connection refused
	Is the server running on that host and accepting TCP/IP connections?

The above exception was the direct cause of the following exception:

Traceback (most recent call last):
  File "/home/baldon/Projetos/bulario-service/src/bulario_service/batch_ingestion.py", line 437, in _process_product
    processed = process_discovered_product(
        session,
    ...<7 lines>...
        publish=publish,
    )
  File "/home/baldon/Projetos/bulario-service/src/bulario_service/e2e_pipeline.py", line 306, in process_discovered_product
    _mark_item_failed(
    ~~~~~~~~~~~~~~~~~^
        session,
        ^^^^^^^^
        item_id=item_id,
        ^^^^^^^^^^^^^^^^
        error=exc,
        ^^^^^^^^^^
    )
    ^
  File "/home/baldon/Projetos/bulario-service/src/bulario_service/e2e_pipeline.py", line 327, in _mark_item_failed
    persisted_item = session.get(IngestionItem, item_id)
  File "/home/baldon/Projetos/bulario-service/.venv/lib/python3.13/site-packages/sqlalchemy/orm/session.py", line 3702, in get
    return self._get_impl(
           ~~~~~~~~~~~~~~^
        entity,
        ^^^^^^^
    ...<7 lines>...
        bind_arguments=bind_arguments,
        ^^^^^^^^^^^^^^^^^^^^^^^^^^^^^^
    )
    ^
  File "/home/baldon/Projetos/bulario-service/.venv/lib/python3.13/site-packages/sqlalchemy/orm/session.py", line 3847, in _get_impl
    instance = self._identity_lookup(
        mapper,
    ...<3 lines>...
        bind_arguments=bind_arguments,
    )
  File "/home/baldon/Projetos/bulario-service/.venv/lib/python3.13/site-packages/sqlalchemy/orm/session.py", line 3021, in _identity_lookup
    return_value = loading.get_from_identity(self, mapper, key, passive)
  File "/home/baldon/Projetos/bulario-service/.venv/lib/python3.13/site-packages/sqlalchemy/orm/loading.py", line 479, in get_from_identity
    state._load_expired(state, passive)
    ~~~~~~~~~~~~~~~~~~~^^^^^^^^^^^^^^^^
  File "/home/baldon/Projetos/bulario-service/.venv/lib/python3.13/site-packages/sqlalchemy/orm/state.py", line 828, in _load_expired
    self.manager.expired_attribute_loader(self, toload, passive)
    ~~~~~~~~~~~~~~~~~~~~~~~~~~~~~~~~~~~~~^^^^^^^^^^^^^^^^^^^^^^^
  File "/home/baldon/Projetos/bulario-service/.venv/lib/python3.13/site-packages/sqlalchemy/orm/loading.py", line 1674, in load_scalar_attributes
    result = load_on_ident(
        session,
    ...<4 lines>...
        no_autoflush=no_autoflush,
    )
  File "/home/baldon/Projetos/bulario-service/.venv/lib/python3.13/site-packages/sqlalchemy/orm/loading.py", line 510, in load_on_ident
    return load_on_pk_identity(
        session,
    ...<11 lines>...
        is_user_refresh=is_user_refresh,
    )
  File "/home/baldon/Projetos/bulario-service/.venv/lib/python3.13/site-packages/sqlalchemy/orm/loading.py", line 695, in load_on_pk_identity
    session.execute(
    ~~~~~~~~~~~~~~~^
        q,
        ^^
    ...<2 lines>...
        bind_arguments=bind_arguments,
        ^^^^^^^^^^^^^^^^^^^^^^^^^^^^^^
    )
    ^
  File "/home/baldon/Projetos/bulario-service/.venv/lib/python3.13/site-packages/sqlalchemy/orm/session.py", line 2373, in execute
    return self._execute_internal(
           ~~~~~~~~~~~~~~~~~~~~~~^
        statement,
        ^^^^^^^^^^
    ...<4 lines>...
        _add_event=_add_event,
        ^^^^^^^^^^^^^^^^^^^^^^
    )
    ^
  File "/home/baldon/Projetos/bulario-service/.venv/lib/python3.13/site-packages/sqlalchemy/orm/session.py", line 2261, in _execute_internal
    conn = self._connection_for_bind(bind)
  File "/home/baldon/Projetos/bulario-service/.venv/lib/python3.13/site-packages/sqlalchemy/orm/session.py", line 2113, in _connection_for_bind
    return trans._connection_for_bind(engine, execution_options)
           ~~~~~~~~~~~~~~~~~~~~~~~~~~^^^^^^^^^^^^^^^^^^^^^^^^^^^
  File "<string>", line 2, in _connection_for_bind
  File "/home/baldon/Projetos/bulario-service/.venv/lib/python3.13/site-packages/sqlalchemy/orm/state_changes.py", line 137, in _go
    ret_value = fn(self, *arg, **kw)
  File "/home/baldon/Projetos/bulario-service/.venv/lib/python3.13/site-packages/sqlalchemy/orm/session.py", line 1191, in _connection_for_bind
    conn = bind.connect()
  File "/home/baldon/Projetos/bulario-service/.venv/lib/python3.13/site-packages/sqlalchemy/engine/base.py", line 3295, in connect
    return self._connection_cls(self)
           ~~~~~~~~~~~~~~~~~~~~^^^^^^
  File "/home/baldon/Projetos/bulario-service/.venv/lib/python3.13/site-packages/sqlalchemy/engine/base.py", line 146, in __init__
    Connection._handle_dbapi_exception_noconnection(
    ~~~~~~~~~~~~~~~~~~~~~~~~~~~~~~~~~~~~~~~~~~~~~~~^
        err, dialect, engine
        ^^^^^^^^^^^^^^^^^^^^
    )
    ^
  File "/home/baldon/Projetos/bulario-service/.venv/lib/python3.13/site-packages/sqlalchemy/engine/base.py", line 2450, in _handle_dbapi_exception_noconnection
    raise sqlalchemy_exception.with_traceback(exc_info[2]) from e
  File "/home/baldon/Projetos/bulario-service/.venv/lib/python3.13/site-packages/sqlalchemy/engine/base.py", line 144, in __init__
    self._dbapi_connection = engine.raw_connection()
                             ~~~~~~~~~~~~~~~~~~~~~^^
  File "/home/baldon/Projetos/bulario-service/.venv/lib/python3.13/site-packages/sqlalchemy/engine/base.py", line 3319, in raw_connection
    return self.pool.connect()
           ~~~~~~~~~~~~~~~~~^^
  File "/home/baldon/Projetos/bulario-service/.venv/lib/python3.13/site-packages/sqlalchemy/pool/base.py", line 448, in connect
    return _ConnectionFairy._checkout(self)
           ~~~~~~~~~~~~~~~~~~~~~~~~~~^^^^^^
  File "/home/baldon/Projetos/bulario-service/.venv/lib/python3.13/site-packages/sqlalchemy/pool/base.py", line 1272, in _checkout
    fairy = _ConnectionRecord.checkout(pool)
  File "/home/baldon/Projetos/bulario-service/.venv/lib/python3.13/site-packages/sqlalchemy/pool/base.py", line 717, in checkout
    with util.safe_reraise():
         ~~~~~~~~~~~~~~~~~^^
  File "/home/baldon/Projetos/bulario-service/.venv/lib/python3.13/site-packages/sqlalchemy/util/langhelpers.py", line 122, in __exit__
    raise exc_value.with_traceback(exc_tb)
  File "/home/baldon/Projetos/bulario-service/.venv/lib/python3.13/site-packages/sqlalchemy/pool/base.py", line 715, in checkout
    dbapi_connection = rec.get_connection()
  File "/home/baldon/Projetos/bulario-service/.venv/lib/python3.13/site-packages/sqlalchemy/pool/base.py", line 837, in get_connection
    self.__connect()
    ~~~~~~~~~~~~~~^^
  File "/home/baldon/Projetos/bulario-service/.venv/lib/python3.13/site-packages/sqlalchemy/pool/base.py", line 900, in __connect
    with util.safe_reraise():
         ~~~~~~~~~~~~~~~~~^^
  File "/home/baldon/Projetos/bulario-service/.venv/lib/python3.13/site-packages/sqlalchemy/util/langhelpers.py", line 122, in __exit__
    raise exc_value.with_traceback(exc_tb)
  File "/home/baldon/Projetos/bulario-service/.venv/lib/python3.13/site-packages/sqlalchemy/pool/base.py", line 896, in __connect
    self.dbapi_connection = connection = pool._invoke_creator(self)
                                         ~~~~~~~~~~~~~~~~~~~~^^^^^^
  File "/home/baldon/Projetos/bulario-service/.venv/lib/python3.13/site-packages/sqlalchemy/engine/create.py", line 667, in connect
    return dialect.connect(*cargs_tup, **cparams)
           ~~~~~~~~~~~~~~~^^^^^^^^^^^^^^^^^^^^^^^
  File "/home/baldon/Projetos/bulario-service/.venv/lib/python3.13/site-packages/sqlalchemy/engine/default.py", line 630, in connect
    return self.loaded_dbapi.connect(*cargs, **cparams)  # type: ignore[no-any-return]  # NOQA: E501
           ~~~~~~~~~~~~~~~~~~~~~~~~~^^^^^^^^^^^^^^^^^^^
  File "/home/baldon/Projetos/bulario-service/.venv/lib/python3.13/site-packages/psycopg/connection.py", line 122, in connect
    raise last_ex.with_traceback(None)
sqlalchemy.exc.OperationalError: (psycopg.OperationalError) connection failed: connection to server at "127.0.0.1", port 5433 failed: Connection refused
	Is the server running on that host and accepting TCP/IP connections?
(Background on this error at: https://sqlalche.me/e/20/e3q8)

During handling of the above exception, another exception occurred:

Traceback (most recent call last):
  File "/home/baldon/Projetos/bulario-service/.venv/lib/python3.13/site-packages/sqlalchemy/engine/base.py", line 144, in __init__
    self._dbapi_connection = engine.raw_connection()
                             ~~~~~~~~~~~~~~~~~~~~~^^
  File "/home/baldon/Projetos/bulario-service/.venv/lib/python3.13/site-packages/sqlalchemy/engine/base.py", line 3319, in raw_connection
    return self.pool.connect()
           ~~~~~~~~~~~~~~~~~^^
  File "/home/baldon/Projetos/bulario-service/.venv/lib/python3.13/site-packages/sqlalchemy/pool/base.py", line 448, in connect
    return _ConnectionFairy._checkout(self)
           ~~~~~~~~~~~~~~~~~~~~~~~~~~^^^^^^
  File "/home/baldon/Projetos/bulario-service/.venv/lib/python3.13/site-packages/sqlalchemy/pool/base.py", line 1272, in _checkout
    fairy = _ConnectionRecord.checkout(pool)
  File "/home/baldon/Projetos/bulario-service/.venv/lib/python3.13/site-packages/sqlalchemy/pool/base.py", line 717, in checkout
    with util.safe_reraise():
         ~~~~~~~~~~~~~~~~~^^
  File "/home/baldon/Projetos/bulario-service/.venv/lib/python3.13/site-packages/sqlalchemy/util/langhelpers.py", line 122, in __exit__
    raise exc_value.with_traceback(exc_tb)
  File "/home/baldon/Projetos/bulario-service/.venv/lib/python3.13/site-packages/sqlalchemy/pool/base.py", line 715, in checkout
    dbapi_connection = rec.get_connection()
  File "/home/baldon/Projetos/bulario-service/.venv/lib/python3.13/site-packages/sqlalchemy/pool/base.py", line 837, in get_connection
    self.__connect()
    ~~~~~~~~~~~~~~^^
  File "/home/baldon/Projetos/bulario-service/.venv/lib/python3.13/site-packages/sqlalchemy/pool/base.py", line 900, in __connect
    with util.safe_reraise():
         ~~~~~~~~~~~~~~~~~^^
  File "/home/baldon/Projetos/bulario-service/.venv/lib/python3.13/site-packages/sqlalchemy/util/langhelpers.py", line 122, in __exit__
    raise exc_value.with_traceback(exc_tb)
  File "/home/baldon/Projetos/bulario-service/.venv/lib/python3.13/site-packages/sqlalchemy/pool/base.py", line 896, in __connect
    self.dbapi_connection = connection = pool._invoke_creator(self)
                                         ~~~~~~~~~~~~~~~~~~~~^^^^^^
  File "/home/baldon/Projetos/bulario-service/.venv/lib/python3.13/site-packages/sqlalchemy/engine/create.py", line 667, in connect
    return dialect.connect(*cargs_tup, **cparams)
           ~~~~~~~~~~~~~~~^^^^^^^^^^^^^^^^^^^^^^^
  File "/home/baldon/Projetos/bulario-service/.venv/lib/python3.13/site-packages/sqlalchemy/engine/default.py", line 630, in connect
    return self.loaded_dbapi.connect(*cargs, **cparams)  # type: ignore[no-any-return]  # NOQA: E501
           ~~~~~~~~~~~~~~~~~~~~~~~~~^^^^^^^^^^^^^^^^^^^
  File "/home/baldon/Projetos/bulario-service/.venv/lib/python3.13/site-packages/psycopg/connection.py", line 122, in connect
    raise last_ex.with_traceback(None)
psycopg.OperationalError: connection failed: connection to server at "127.0.0.1", port 5433 failed: Connection refused
	Is the server running on that host and accepting TCP/IP connections?

The above exception was the direct cause of the following exception:

Traceback (most recent call last):
  File "/home/baldon/Projetos/bulario-service/src/bulario_service/batch_ingestion.py", line 281, in run_batch_ingestion
    result = _process_product(
        session,
    ...<9 lines>...
        retry_backoff_seconds=retry_backoff_seconds,
    )
  File "/home/baldon/Projetos/bulario-service/src/bulario_service/batch_ingestion.py", line 460, in _process_product
    persisted_item = _get_product_item(
        session,
        run_id=run_id,
        source_product_id=product.source_product_id,
    )
  File "/home/baldon/Projetos/bulario-service/src/bulario_service/batch_ingestion.py", line 622, in _get_product_item
    return session.scalar(
           ~~~~~~~~~~~~~~^
        select(IngestionItem).where(
        ^^^^^^^^^^^^^^^^^^^^^^^^^^^^
    ...<3 lines>...
        )
        ^
    )
    ^
  File "/home/baldon/Projetos/bulario-service/.venv/lib/python3.13/site-packages/sqlalchemy/orm/session.py", line 2421, in scalar
    return self._execute_internal(
           ~~~~~~~~~~~~~~~~~~~~~~^
        statement,
        ^^^^^^^^^^
    ...<4 lines>...
        **kw,
        ^^^^^
    )
    ^
  File "/home/baldon/Projetos/bulario-service/.venv/lib/python3.13/site-packages/sqlalchemy/orm/session.py", line 2261, in _execute_internal
    conn = self._connection_for_bind(bind)
  File "/home/baldon/Projetos/bulario-service/.venv/lib/python3.13/site-packages/sqlalchemy/orm/session.py", line 2113, in _connection_for_bind
    return trans._connection_for_bind(engine, execution_options)
           ~~~~~~~~~~~~~~~~~~~~~~~~~~^^^^^^^^^^^^^^^^^^^^^^^^^^^
  File "<string>", line 2, in _connection_for_bind
  File "/home/baldon/Projetos/bulario-service/.venv/lib/python3.13/site-packages/sqlalchemy/orm/state_changes.py", line 137, in _go
    ret_value = fn(self, *arg, **kw)
  File "/home/baldon/Projetos/bulario-service/.venv/lib/python3.13/site-packages/sqlalchemy/orm/session.py", line 1191, in _connection_for_bind
    conn = bind.connect()
  File "/home/baldon/Projetos/bulario-service/.venv/lib/python3.13/site-packages/sqlalchemy/engine/base.py", line 3295, in connect
    return self._connection_cls(self)
           ~~~~~~~~~~~~~~~~~~~~^^^^^^
  File "/home/baldon/Projetos/bulario-service/.venv/lib/python3.13/site-packages/sqlalchemy/engine/base.py", line 146, in __init__
    Connection._handle_dbapi_exception_noconnection(
    ~~~~~~~~~~~~~~~~~~~~~~~~~~~~~~~~~~~~~~~~~~~~~~~^
        err, dialect, engine
        ^^^^^^^^^^^^^^^^^^^^
    )
    ^
  File "/home/baldon/Projetos/bulario-service/.venv/lib/python3.13/site-packages/sqlalchemy/engine/base.py", line 2450, in _handle_dbapi_exception_noconnection
    raise sqlalchemy_exception.with_traceback(exc_info[2]) from e
  File "/home/baldon/Projetos/bulario-service/.venv/lib/python3.13/site-packages/sqlalchemy/engine/base.py", line 144, in __init__
    self._dbapi_connection = engine.raw_connection()
                             ~~~~~~~~~~~~~~~~~~~~~^^
  File "/home/baldon/Projetos/bulario-service/.venv/lib/python3.13/site-packages/sqlalchemy/engine/base.py", line 3319, in raw_connection
    return self.pool.connect()
           ~~~~~~~~~~~~~~~~~^^
  File "/home/baldon/Projetos/bulario-service/.venv/lib/python3.13/site-packages/sqlalchemy/pool/base.py", line 448, in connect
    return _ConnectionFairy._checkout(self)
           ~~~~~~~~~~~~~~~~~~~~~~~~~~^^^^^^
  File "/home/baldon/Projetos/bulario-service/.venv/lib/python3.13/site-packages/sqlalchemy/pool/base.py", line 1272, in _checkout
    fairy = _ConnectionRecord.checkout(pool)
  File "/home/baldon/Projetos/bulario-service/.venv/lib/python3.13/site-packages/sqlalchemy/pool/base.py", line 717, in checkout
    with util.safe_reraise():
         ~~~~~~~~~~~~~~~~~^^
  File "/home/baldon/Projetos/bulario-service/.venv/lib/python3.13/site-packages/sqlalchemy/util/langhelpers.py", line 122, in __exit__
    raise exc_value.with_traceback(exc_tb)
  File "/home/baldon/Projetos/bulario-service/.venv/lib/python3.13/site-packages/sqlalchemy/pool/base.py", line 715, in checkout
    dbapi_connection = rec.get_connection()
  File "/home/baldon/Projetos/bulario-service/.venv/lib/python3.13/site-packages/sqlalchemy/pool/base.py", line 837, in get_connection
    self.__connect()
    ~~~~~~~~~~~~~~^^
  File "/home/baldon/Projetos/bulario-service/.venv/lib/python3.13/site-packages/sqlalchemy/pool/base.py", line 900, in __connect
    with util.safe_reraise():
         ~~~~~~~~~~~~~~~~~^^
  File "/home/baldon/Projetos/bulario-service/.venv/lib/python3.13/site-packages/sqlalchemy/util/langhelpers.py", line 122, in __exit__
    raise exc_value.with_traceback(exc_tb)
  File "/home/baldon/Projetos/bulario-service/.venv/lib/python3.13/site-packages/sqlalchemy/pool/base.py", line 896, in __connect
    self.dbapi_connection = connection = pool._invoke_creator(self)
                                         ~~~~~~~~~~~~~~~~~~~~^^^^^^
  File "/home/baldon/Projetos/bulario-service/.venv/lib/python3.13/site-packages/sqlalchemy/engine/create.py", line 667, in connect
    return dialect.connect(*cargs_tup, **cparams)
           ~~~~~~~~~~~~~~~^^^^^^^^^^^^^^^^^^^^^^^
  File "/home/baldon/Projetos/bulario-service/.venv/lib/python3.13/site-packages/sqlalchemy/engine/default.py", line 630, in connect
    return self.loaded_dbapi.connect(*cargs, **cparams)  # type: ignore[no-any-return]  # NOQA: E501
           ~~~~~~~~~~~~~~~~~~~~~~~~~^^^^^^^^^^^^^^^^^^^
  File "/home/baldon/Projetos/bulario-service/.venv/lib/python3.13/site-packages/psycopg/connection.py", line 122, in connect
    raise last_ex.with_traceback(None)
sqlalchemy.exc.OperationalError: (psycopg.OperationalError) connection failed: connection to server at "127.0.0.1", port 5433 failed: Connection refused
	Is the server running on that host and accepting TCP/IP connections?
(Background on this error at: https://sqlalche.me/e/20/e3q8)

During handling of the above exception, another exception occurred:

Traceback (most recent call last):
  File "/home/baldon/Projetos/bulario-service/.venv/lib/python3.13/site-packages/sqlalchemy/engine/base.py", line 144, in __init__
    self._dbapi_connection = engine.raw_connection()
                             ~~~~~~~~~~~~~~~~~~~~~^^
  File "/home/baldon/Projetos/bulario-service/.venv/lib/python3.13/site-packages/sqlalchemy/engine/base.py", line 3319, in raw_connection
    return self.pool.connect()
           ~~~~~~~~~~~~~~~~~^^
  File "/home/baldon/Projetos/bulario-service/.venv/lib/python3.13/site-packages/sqlalchemy/pool/base.py", line 448, in connect
    return _ConnectionFairy._checkout(self)
           ~~~~~~~~~~~~~~~~~~~~~~~~~~^^^^^^
  File "/home/baldon/Projetos/bulario-service/.venv/lib/python3.13/site-packages/sqlalchemy/pool/base.py", line 1272, in _checkout
    fairy = _ConnectionRecord.checkout(pool)
  File "/home/baldon/Projetos/bulario-service/.venv/lib/python3.13/site-packages/sqlalchemy/pool/base.py", line 717, in checkout
    with util.safe_reraise():
         ~~~~~~~~~~~~~~~~~^^
  File "/home/baldon/Projetos/bulario-service/.venv/lib/python3.13/site-packages/sqlalchemy/util/langhelpers.py", line 122, in __exit__
    raise exc_value.with_traceback(exc_tb)
  File "/home/baldon/Projetos/bulario-service/.venv/lib/python3.13/site-packages/sqlalchemy/pool/base.py", line 715, in checkout
    dbapi_connection = rec.get_connection()
  File "/home/baldon/Projetos/bulario-service/.venv/lib/python3.13/site-packages/sqlalchemy/pool/base.py", line 837, in get_connection
    self.__connect()
    ~~~~~~~~~~~~~~^^
  File "/home/baldon/Projetos/bulario-service/.venv/lib/python3.13/site-packages/sqlalchemy/pool/base.py", line 900, in __connect
    with util.safe_reraise():
         ~~~~~~~~~~~~~~~~~^^
  File "/home/baldon/Projetos/bulario-service/.venv/lib/python3.13/site-packages/sqlalchemy/util/langhelpers.py", line 122, in __exit__
    raise exc_value.with_traceback(exc_tb)
  File "/home/baldon/Projetos/bulario-service/.venv/lib/python3.13/site-packages/sqlalchemy/pool/base.py", line 896, in __connect
    self.dbapi_connection = connection = pool._invoke_creator(self)
                                         ~~~~~~~~~~~~~~~~~~~~^^^^^^
  File "/home/baldon/Projetos/bulario-service/.venv/lib/python3.13/site-packages/sqlalchemy/engine/create.py", line 667, in connect
    return dialect.connect(*cargs_tup, **cparams)
           ~~~~~~~~~~~~~~~^^^^^^^^^^^^^^^^^^^^^^^
  File "/home/baldon/Projetos/bulario-service/.venv/lib/python3.13/site-packages/sqlalchemy/engine/default.py", line 630, in connect
    return self.loaded_dbapi.connect(*cargs, **cparams)  # type: ignore[no-any-return]  # NOQA: E501
           ~~~~~~~~~~~~~~~~~~~~~~~~~^^^^^^^^^^^^^^^^^^^
  File "/home/baldon/Projetos/bulario-service/.venv/lib/python3.13/site-packages/psycopg/connection.py", line 122, in connect
    raise last_ex.with_traceback(None)
psycopg.OperationalError: connection failed: connection to server at "127.0.0.1", port 5433 failed: Connection refused
	Is the server running on that host and accepting TCP/IP connections?

The above exception was the direct cause of the following exception:

Traceback (most recent call last):
  File "/home/baldon/Projetos/bulario-service/src/bulario_service/operational_lock.py", line 41, in operational_sync_lock
    yield
  File "/home/baldon/Projetos/bulario-service/src/bulario_service/sync.py", line 326, in execute_full_sync
    return run_batch_ingestion(
        db_session,
    ...<12 lines>...
        retry_backoff_seconds=retry_backoff_seconds,
    )
  File "/home/baldon/Projetos/bulario-service/src/bulario_service/batch_ingestion.py", line 349, in run_batch_ingestion
    _finish_run_as_failed(session, run_id)
    ~~~~~~~~~~~~~~~~~~~~~^^^^^^^^^^^^^^^^^
  File "/home/baldon/Projetos/bulario-service/src/bulario_service/batch_ingestion.py", line 764, in _finish_run_as_failed
    run = session.get(IngestionRun, run_id)
  File "/home/baldon/Projetos/bulario-service/.venv/lib/python3.13/site-packages/sqlalchemy/orm/session.py", line 3702, in get
    return self._get_impl(
           ~~~~~~~~~~~~~~^
        entity,
        ^^^^^^^
    ...<7 lines>...
        bind_arguments=bind_arguments,
        ^^^^^^^^^^^^^^^^^^^^^^^^^^^^^^
    )
    ^
  File "/home/baldon/Projetos/bulario-service/.venv/lib/python3.13/site-packages/sqlalchemy/orm/session.py", line 3847, in _get_impl
    instance = self._identity_lookup(
        mapper,
    ...<3 lines>...
        bind_arguments=bind_arguments,
    )
  File "/home/baldon/Projetos/bulario-service/.venv/lib/python3.13/site-packages/sqlalchemy/orm/session.py", line 3021, in _identity_lookup
    return_value = loading.get_from_identity(self, mapper, key, passive)
  File "/home/baldon/Projetos/bulario-service/.venv/lib/python3.13/site-packages/sqlalchemy/orm/loading.py", line 479, in get_from_identity
    state._load_expired(state, passive)
    ~~~~~~~~~~~~~~~~~~~^^^^^^^^^^^^^^^^
  File "/home/baldon/Projetos/bulario-service/.venv/lib/python3.13/site-packages/sqlalchemy/orm/state.py", line 828, in _load_expired
    self.manager.expired_attribute_loader(self, toload, passive)
    ~~~~~~~~~~~~~~~~~~~~~~~~~~~~~~~~~~~~~^^^^^^^^^^^^^^^^^^^^^^^
  File "/home/baldon/Projetos/bulario-service/.venv/lib/python3.13/site-packages/sqlalchemy/orm/loading.py", line 1674, in load_scalar_attributes
    result = load_on_ident(
        session,
    ...<4 lines>...
        no_autoflush=no_autoflush,
    )
  File "/home/baldon/Projetos/bulario-service/.venv/lib/python3.13/site-packages/sqlalchemy/orm/loading.py", line 510, in load_on_ident
    return load_on_pk_identity(
        session,
    ...<11 lines>...
        is_user_refresh=is_user_refresh,
    )
  File "/home/baldon/Projetos/bulario-service/.venv/lib/python3.13/site-packages/sqlalchemy/orm/loading.py", line 695, in load_on_pk_identity
    session.execute(
    ~~~~~~~~~~~~~~~^
        q,
        ^^
    ...<2 lines>...
        bind_arguments=bind_arguments,
        ^^^^^^^^^^^^^^^^^^^^^^^^^^^^^^
    )
    ^
  File "/home/baldon/Projetos/bulario-service/.venv/lib/python3.13/site-packages/sqlalchemy/orm/session.py", line 2373, in execute
    return self._execute_internal(
           ~~~~~~~~~~~~~~~~~~~~~~^
        statement,
        ^^^^^^^^^^
    ...<4 lines>...
        _add_event=_add_event,
        ^^^^^^^^^^^^^^^^^^^^^^
    )
    ^
  File "/home/baldon/Projetos/bulario-service/.venv/lib/python3.13/site-packages/sqlalchemy/orm/session.py", line 2261, in _execute_internal
    conn = self._connection_for_bind(bind)
  File "/home/baldon/Projetos/bulario-service/.venv/lib/python3.13/site-packages/sqlalchemy/orm/session.py", line 2113, in _connection_for_bind
    return trans._connection_for_bind(engine, execution_options)
           ~~~~~~~~~~~~~~~~~~~~~~~~~~^^^^^^^^^^^^^^^^^^^^^^^^^^^
  File "<string>", line 2, in _connection_for_bind
  File "/home/baldon/Projetos/bulario-service/.venv/lib/python3.13/site-packages/sqlalchemy/orm/state_changes.py", line 137, in _go
    ret_value = fn(self, *arg, **kw)
  File "/home/baldon/Projetos/bulario-service/.venv/lib/python3.13/site-packages/sqlalchemy/orm/session.py", line 1191, in _connection_for_bind
    conn = bind.connect()
  File "/home/baldon/Projetos/bulario-service/.venv/lib/python3.13/site-packages/sqlalchemy/engine/base.py", line 3295, in connect
    return self._connection_cls(self)
           ~~~~~~~~~~~~~~~~~~~~^^^^^^
  File "/home/baldon/Projetos/bulario-service/.venv/lib/python3.13/site-packages/sqlalchemy/engine/base.py", line 146, in __init__
    Connection._handle_dbapi_exception_noconnection(
    ~~~~~~~~~~~~~~~~~~~~~~~~~~~~~~~~~~~~~~~~~~~~~~~^
        err, dialect, engine
        ^^^^^^^^^^^^^^^^^^^^
    )
    ^
  File "/home/baldon/Projetos/bulario-service/.venv/lib/python3.13/site-packages/sqlalchemy/engine/base.py", line 2450, in _handle_dbapi_exception_noconnection
    raise sqlalchemy_exception.with_traceback(exc_info[2]) from e
  File "/home/baldon/Projetos/bulario-service/.venv/lib/python3.13/site-packages/sqlalchemy/engine/base.py", line 144, in __init__
    self._dbapi_connection = engine.raw_connection()
                             ~~~~~~~~~~~~~~~~~~~~~^^
  File "/home/baldon/Projetos/bulario-service/.venv/lib/python3.13/site-packages/sqlalchemy/engine/base.py", line 3319, in raw_connection
    return self.pool.connect()
           ~~~~~~~~~~~~~~~~~^^
  File "/home/baldon/Projetos/bulario-service/.venv/lib/python3.13/site-packages/sqlalchemy/pool/base.py", line 448, in connect
    return _ConnectionFairy._checkout(self)
           ~~~~~~~~~~~~~~~~~~~~~~~~~~^^^^^^
  File "/home/baldon/Projetos/bulario-service/.venv/lib/python3.13/site-packages/sqlalchemy/pool/base.py", line 1272, in _checkout
    fairy = _ConnectionRecord.checkout(pool)
  File "/home/baldon/Projetos/bulario-service/.venv/lib/python3.13/site-packages/sqlalchemy/pool/base.py", line 717, in checkout
    with util.safe_reraise():
         ~~~~~~~~~~~~~~~~~^^
  File "/home/baldon/Projetos/bulario-service/.venv/lib/python3.13/site-packages/sqlalchemy/util/langhelpers.py", line 122, in __exit__
    raise exc_value.with_traceback(exc_tb)
  File "/home/baldon/Projetos/bulario-service/.venv/lib/python3.13/site-packages/sqlalchemy/pool/base.py", line 715, in checkout
    dbapi_connection = rec.get_connection()
  File "/home/baldon/Projetos/bulario-service/.venv/lib/python3.13/site-packages/sqlalchemy/pool/base.py", line 837, in get_connection
    self.__connect()
    ~~~~~~~~~~~~~~^^
  File "/home/baldon/Projetos/bulario-service/.venv/lib/python3.13/site-packages/sqlalchemy/pool/base.py", line 900, in __connect
    with util.safe_reraise():
         ~~~~~~~~~~~~~~~~~^^
  File "/home/baldon/Projetos/bulario-service/.venv/lib/python3.13/site-packages/sqlalchemy/util/langhelpers.py", line 122, in __exit__
    raise exc_value.with_traceback(exc_tb)
  File "/home/baldon/Projetos/bulario-service/.venv/lib/python3.13/site-packages/sqlalchemy/pool/base.py", line 896, in __connect
    self.dbapi_connection = connection = pool._invoke_creator(self)
                                         ~~~~~~~~~~~~~~~~~~~~^^^^^^
  File "/home/baldon/Projetos/bulario-service/.venv/lib/python3.13/site-packages/sqlalchemy/engine/create.py", line 667, in connect
    return dialect.connect(*cargs_tup, **cparams)
           ~~~~~~~~~~~~~~~^^^^^^^^^^^^^^^^^^^^^^^
  File "/home/baldon/Projetos/bulario-service/.venv/lib/python3.13/site-packages/sqlalchemy/engine/default.py", line 630, in connect
    return self.loaded_dbapi.connect(*cargs, **cparams)  # type: ignore[no-any-return]  # NOQA: E501
           ~~~~~~~~~~~~~~~~~~~~~~~~~^^^^^^^^^^^^^^^^^^^
  File "/home/baldon/Projetos/bulario-service/.venv/lib/python3.13/site-packages/psycopg/connection.py", line 122, in connect
    raise last_ex.with_traceback(None)
sqlalchemy.exc.OperationalError: (psycopg.OperationalError) connection failed: connection to server at "127.0.0.1", port 5433 failed: Connection refused
	Is the server running on that host and accepting TCP/IP connections?
(Background on this error at: https://sqlalche.me/e/20/e3q8)

During handling of the above exception, another exception occurred:

Traceback (most recent call last):
  File "/home/baldon/Projetos/bulario-service/.venv/lib/python3.13/site-packages/sqlalchemy/engine/base.py", line 1969, in _exec_single_context
    self.dialect.do_execute(
    ~~~~~~~~~~~~~~~~~~~~~~~^
        cursor, str_statement, effective_parameters, context
        ^^^^^^^^^^^^^^^^^^^^^^^^^^^^^^^^^^^^^^^^^^^^^^^^^^^^
    )
    ^
  File "/home/baldon/Projetos/bulario-service/.venv/lib/python3.13/site-packages/sqlalchemy/engine/default.py", line 952, in do_execute
    cursor.execute(statement, parameters)
    ~~~~~~~~~~~~~~^^^^^^^^^^^^^^^^^^^^^^^
  File "/home/baldon/Projetos/bulario-service/.venv/lib/python3.13/site-packages/psycopg/cursor.py", line 117, in execute
    raise ex.with_traceback(None)
psycopg.errors.AdminShutdown: terminating connection due to administrator command

The above exception was the direct cause of the following exception:

Traceback (most recent call last):
  File "<frozen runpy>", line 203, in _run_module_as_main
  File "<frozen runpy>", line 88, in _run_code
  File "/home/baldon/Projetos/bulario-service/src/bulario_service/sync.py", line 973, in <module>
    main()
    ~~~~^^
  File "/home/baldon/Projetos/bulario-service/src/bulario_service/sync.py", line 969, in main
    raise SystemExit(run_cli(args))
                     ~~~~~~~^^^^^^
  File "/home/baldon/Projetos/bulario-service/src/bulario_service/sync.py", line 756, in run_cli
    result = execute_full_sync(
        period_start=args.period_start,
    ...<9 lines>...
        headed=args.headed,
    )
  File "/home/baldon/Projetos/bulario-service/src/bulario_service/sync.py", line 307, in execute_full_sync
    with operational_sync_lock(engine, mode=FULL_MODE):
         ~~~~~~~~~~~~~~~~~~~~~^^^^^^^^^^^^^^^^^^^^^^^^
  File "/home/baldon/.local/share/uv/python/cpython-3.13.15-linux-x86_64-gnu/lib/python3.13/contextlib.py", line 162, in __exit__
    self.gen.throw(value)
    ~~~~~~~~~~~~~~^^^^^^^
  File "/home/baldon/Projetos/bulario-service/src/bulario_service/operational_lock.py", line 45, in operational_sync_lock
    _release(connection)
    ~~~~~~~~^^^^^^^^^^^^
  File "/home/baldon/Projetos/bulario-service/src/bulario_service/operational_lock.py", line 65, in _release
    released = connection.scalar(
        text(
    ...<6 lines>...
        {"lock_name": OPERATIONAL_SYNC_LOCK_NAME},
    )
  File "/home/baldon/Projetos/bulario-service/.venv/lib/python3.13/site-packages/sqlalchemy/engine/base.py", line 1310, in scalar
    return meth(
        self,
        distilled_parameters,
        execution_options or NO_OPTIONS,
    )
  File "/home/baldon/Projetos/bulario-service/.venv/lib/python3.13/site-packages/sqlalchemy/sql/elements.py", line 544, in _execute_on_scalar
    return self._execute_on_connection(
           ~~~~~~~~~~~~~~~~~~~~~~~~~~~^
        connection, distilled_params, execution_options
        ^^^^^^^^^^^^^^^^^^^^^^^^^^^^^^^^^^^^^^^^^^^^^^^
    ).scalar()
    ^
  File "/home/baldon/Projetos/bulario-service/.venv/lib/python3.13/site-packages/sqlalchemy/sql/elements.py", line 526, in _execute_on_connection
    return connection._execute_clauseelement(
           ~~~~~~~~~~~~~~~~~~~~~~~~~~~~~~~~~^
        self, distilled_params, execution_options
        ^^^^^^^^^^^^^^^^^^^^^^^^^^^^^^^^^^^^^^^^^
    )
    ^
  File "/home/baldon/Projetos/bulario-service/.venv/lib/python3.13/site-packages/sqlalchemy/engine/base.py", line 1643, in _execute_clauseelement
    ret = self._execute_context(
        dialect,
    ...<8 lines>...
        cache_hit=cache_hit,
    )
  File "/home/baldon/Projetos/bulario-service/.venv/lib/python3.13/site-packages/sqlalchemy/engine/base.py", line 1848, in _execute_context
    return self._exec_single_context(
           ~~~~~~~~~~~~~~~~~~~~~~~~~^
        dialect, context, statement, parameters
        ^^^^^^^^^^^^^^^^^^^^^^^^^^^^^^^^^^^^^^^
    )
    ^
  File "/home/baldon/Projetos/bulario-service/.venv/lib/python3.13/site-packages/sqlalchemy/engine/base.py", line 1988, in _exec_single_context
    self._handle_dbapi_exception(
    ~~~~~~~~~~~~~~~~~~~~~~~~~~~~^
        e, str_statement, effective_parameters, cursor, context
        ^^^^^^^^^^^^^^^^^^^^^^^^^^^^^^^^^^^^^^^^^^^^^^^^^^^^^^^
    )
    ^
  File "/home/baldon/Projetos/bulario-service/.venv/lib/python3.13/site-packages/sqlalchemy/engine/base.py", line 2365, in _handle_dbapi_exception
    raise sqlalchemy_exception.with_traceback(exc_info[2]) from e
  File "/home/baldon/Projetos/bulario-service/.venv/lib/python3.13/site-packages/sqlalchemy/engine/base.py", line 1969, in _exec_single_context
    self.dialect.do_execute(
    ~~~~~~~~~~~~~~~~~~~~~~~^
        cursor, str_statement, effective_parameters, context
        ^^^^^^^^^^^^^^^^^^^^^^^^^^^^^^^^^^^^^^^^^^^^^^^^^^^^
    )
    ^
  File "/home/baldon/Projetos/bulario-service/.venv/lib/python3.13/site-packages/sqlalchemy/engine/default.py", line 952, in do_execute
    cursor.execute(statement, parameters)
    ~~~~~~~~~~~~~~^^^^^^^^^^^^^^^^^^^^^^^
  File "/home/baldon/Projetos/bulario-service/.venv/lib/python3.13/site-packages/psycopg/cursor.py", line 117, in execute
    raise ex.with_traceback(None)
sqlalchemy.exc.OperationalError: (psycopg.errors.AdminShutdown) terminating connection due to administrator command
[SQL: 
            SELECT pg_advisory_unlock(
                hashtextextended(%(lock_name)s, 0)
            )
            ]
[parameters: {'lock_name': 'bulario-service:sync:global:v1'}]
(Background on this error at: https://sqlalche.me/e/20/e3q8)
Browser session bootstrap: OK
Browser closed. Starting full sync...
{"auto_resume":false,"event":"sync_started","max_pages":5,"max_product_retries":2,"max_products":20,"mode":"full","page_size":null,"recover_failed_run_id":null,"requested_period_end":null,"requested_period_start":null,"resume_run_id":2,"service":"bulario-service","timestamp":"2026-09-21T17:50:58.496Z"}
{"checkpoint_page":9,"conflicts":0,"discovered":22,"duplicates":0,"duration_seconds":110.128,"event":"sync_result","failed":1,"failed_by_class":{"permanent":1},"inserted":19,"mode":"full","pages_fetched":3,"period_end":"2026-09-21T23:59:59.999Z","period_start":"2000-01-01T00:00:00.000Z","processed":20,"published":19,"ready":19,"resumed":true,"retries":1,"run_id":2,"run_status":"paused","service":"bulario-service","skipped_terminal":2,"source_total_elements":8829,"start_page":8,"stopped_by_page_limit":false,"stopped_by_product_limit":true,"stopped_by_source_blocked":false,"timestamp":"2026-09-21T17:52:49.766Z","unchanged":0}
Browser session bootstrap: OK
Browser closed. Starting full sync...
Full sync: run_id=2 run_status=paused run_mode=full period_start=2000-01-01T00:00:00.000Z period_end=2026-09-21T23:59:59.999Z resumed=true start_page=8 last_completed_page=9 pages_fetched=3 source_total_elements=8829 discovered=22 duplicates=0 skipped_terminal=2 processed=20 ready=19 failed=1 retries=1 duration_seconds=110.128 stopped_by_page_limit=false stopped_by_product_limit=true stopped_by_source_blocked=false
Full item source_product_id=414376 status=ready item_id=73 source_document_id=35108421 publish_action=inserted public_row_id=72 error_code=- error_class=- retries=1
Full item source_product_id=412572 status=ready item_id=74 source_document_id=32871522 publish_action=inserted public_row_id=73 error_code=- error_class=- retries=0
Full item source_product_id=414813 status=ready item_id=75 source_document_id=35144673 publish_action=inserted public_row_id=74 error_code=- error_class=- retries=0
Full item source_product_id=413013 status=ready item_id=76 source_document_id=35236864 publish_action=inserted public_row_id=75 error_code=- error_class=- retries=0
Full item source_product_id=413295 status=ready item_id=77 source_document_id=35197507 publish_action=inserted public_row_id=76 error_code=- error_class=- retries=0
Full item source_product_id=414852 status=ready item_id=78 source_document_id=29500127 publish_action=inserted public_row_id=77 error_code=- error_class=- retries=0
Full item source_product_id=417183 status=ready item_id=79 source_document_id=35212579 publish_action=inserted public_row_id=78 error_code=- error_class=- retries=0
Full item source_product_id=417309 status=ready item_id=80 source_document_id=35231375 publish_action=inserted public_row_id=79 error_code=- error_class=- retries=0
Full item source_product_id=417310 status=ready item_id=81 source_document_id=32957917 publish_action=inserted public_row_id=80 error_code=- error_class=- retries=0
Full item source_product_id=419198 status=ready item_id=82 source_document_id=34601235 publish_action=inserted public_row_id=81 error_code=- error_class=- retries=0
Full item source_product_id=5352 status=ready item_id=83 source_document_id=29114081 publish_action=inserted public_row_id=82 error_code=- error_class=- retries=0
Full item source_product_id=414546 status=ready item_id=84 source_document_id=11478935 publish_action=inserted public_row_id=83 error_code=- error_class=- retries=0
Full item source_product_id=413095 status=ready item_id=85 source_document_id=35265150 publish_action=inserted public_row_id=84 error_code=- error_class=- retries=0
Full item source_product_id=414073 status=ready item_id=86 source_document_id=34587601 publish_action=inserted public_row_id=85 error_code=- error_class=- retries=0
Full item source_product_id=414075 status=failed item_id=87 source_document_id=- publish_action=- public_row_id=- error_code=DocumentTextExtractionError error_class=permanent retries=0
Full item source_product_id=414482 status=ready item_id=88 source_document_id=34082042 publish_action=inserted public_row_id=86 error_code=- error_class=- retries=0
Full item source_product_id=414913 status=ready item_id=89 source_document_id=32755939 publish_action=inserted public_row_id=87 error_code=- error_class=- retries=0
Full item source_product_id=2927 status=ready item_id=90 source_document_id=32503414 publish_action=inserted public_row_id=88 error_code=- error_class=- retries=0
Full item source_product_id=419036 status=ready item_id=91 source_document_id=33303944 publish_action=inserted public_row_id=89 error_code=- error_class=- retries=0
Full item source_product_id=419488 status=ready item_id=92 source_document_id=34440790 publish_action=inserted public_row_id=90 error_code=- error_class=- retries=0
{"auto_resume":false,"event":"sync_started","max_pages":20,"max_product_retries":2,"max_products":100,"mode":"full","page_size":null,"recover_failed_run_id":null,"requested_period_end":null,"requested_period_start":null,"resume_run_id":2,"service":"bulario-service","timestamp":"2026-09-21T18:05:20.009Z"}
{"checkpoint_page":19,"conflicts":0,"discovered":102,"duplicates":0,"duration_seconds":463.812,"event":"sync_result","failed":1,"failed_by_class":{"permanent":1},"inserted":99,"mode":"full","pages_fetched":11,"period_end":"2026-09-21T23:59:59.999Z","period_start":"2000-01-01T00:00:00.000Z","processed":100,"published":99,"ready":99,"resumed":true,"retries":1,"run_id":2,"run_status":"paused","service":"bulario-service","skipped_terminal":1,"source_total_elements":8829,"start_page":10,"stopped_by_page_limit":false,"stopped_by_product_limit":true,"stopped_by_source_blocked":false,"timestamp":"2026-09-21T18:13:04.899Z","unchanged":0}
Browser session bootstrap: OK
Browser closed. Starting full sync...
Full sync: run_id=2 run_status=paused run_mode=full period_start=2000-01-01T00:00:00.000Z period_end=2026-09-21T23:59:59.999Z resumed=true start_page=10 last_completed_page=19 pages_fetched=11 source_total_elements=8829 discovered=102 duplicates=0 skipped_terminal=1 processed=100 ready=99 failed=1 retries=1 duration_seconds=463.812 stopped_by_page_limit=false stopped_by_product_limit=true stopped_by_source_blocked=false
Full item source_product_id=413371 status=ready item_id=93 source_document_id=34533109 publish_action=inserted public_row_id=91 error_code=- error_class=- retries=0
Full item source_product_id=413380 status=ready item_id=94 source_document_id=29520878 publish_action=inserted public_row_id=92 error_code=- error_class=- retries=0
Full item source_product_id=414046 status=ready item_id=95 source_document_id=32214006 publish_action=inserted public_row_id=93 error_code=- error_class=- retries=0
Full item source_product_id=5557 status=ready item_id=96 source_document_id=29318417 publish_action=inserted public_row_id=94 error_code=- error_class=- retries=0
Full item source_product_id=137562 status=ready item_id=97 source_document_id=35133069 publish_action=inserted public_row_id=95 error_code=- error_class=- retries=0
Full item source_product_id=137563 status=ready item_id=98 source_document_id=35212943 publish_action=inserted public_row_id=96 error_code=- error_class=- retries=0
Full item source_product_id=137772 status=ready item_id=99 source_document_id=29346504 publish_action=inserted public_row_id=97 error_code=- error_class=- retries=0
Full item source_product_id=137805 status=ready item_id=100 source_document_id=31980192 publish_action=inserted public_row_id=98 error_code=- error_class=- retries=0
Full item source_product_id=3278 status=ready item_id=101 source_document_id=32178430 publish_action=inserted public_row_id=99 error_code=- error_class=- retries=0
Full item source_product_id=137632 status=ready item_id=102 source_document_id=33935244 publish_action=inserted public_row_id=100 error_code=- error_class=- retries=0
Full item source_product_id=137633 status=ready item_id=103 source_document_id=33557175 publish_action=inserted public_row_id=101 error_code=- error_class=- retries=0
Full item source_product_id=137813 status=ready item_id=104 source_document_id=31451502 publish_action=inserted public_row_id=102 error_code=- error_class=- retries=0
Full item source_product_id=137644 status=ready item_id=105 source_document_id=34931389 publish_action=inserted public_row_id=103 error_code=- error_class=- retries=0
Full item source_product_id=137645 status=ready item_id=106 source_document_id=33836242 publish_action=inserted public_row_id=104 error_code=- error_class=- retries=0
Full item source_product_id=137649 status=ready item_id=107 source_document_id=20607808 publish_action=inserted public_row_id=105 error_code=- error_class=- retries=0
Full item source_product_id=137820 status=ready item_id=108 source_document_id=11509614 publish_action=inserted public_row_id=106 error_code=- error_class=- retries=0
Full item source_product_id=137832 status=ready item_id=109 source_document_id=22686971 publish_action=inserted public_row_id=107 error_code=- error_class=- retries=0
Full item source_product_id=137836 status=ready item_id=110 source_document_id=34152441 publish_action=inserted public_row_id=108 error_code=- error_class=- retries=0
Full item source_product_id=4516 status=ready item_id=111 source_document_id=35071176 publish_action=inserted public_row_id=109 error_code=- error_class=- retries=0
Full item source_product_id=137654 status=ready item_id=112 source_document_id=33225096 publish_action=inserted public_row_id=110 error_code=- error_class=- retries=0
Full item source_product_id=137841 status=ready item_id=113 source_document_id=34170883 publish_action=inserted public_row_id=111 error_code=- error_class=- retries=0
Full item source_product_id=137844 status=ready item_id=114 source_document_id=27407446 publish_action=inserted public_row_id=112 error_code=- error_class=- retries=0
Full item source_product_id=137673 status=ready item_id=115 source_document_id=35550300 publish_action=inserted public_row_id=113 error_code=- error_class=- retries=0
Full item source_product_id=137677 status=ready item_id=116 source_document_id=29544741 publish_action=inserted public_row_id=114 error_code=- error_class=- retries=0
Full item source_product_id=6146 status=ready item_id=117 source_document_id=33772737 publish_action=inserted public_row_id=115 error_code=- error_class=- retries=0
Full item source_product_id=137700 status=ready item_id=118 source_document_id=32197171 publish_action=inserted public_row_id=116 error_code=- error_class=- retries=0
Full item source_product_id=137709 status=ready item_id=119 source_document_id=25575982 publish_action=inserted public_row_id=117 error_code=- error_class=- retries=0
Full item source_product_id=137691 status=ready item_id=120 source_document_id=34991838 publish_action=inserted public_row_id=118 error_code=- error_class=- retries=0
Full item source_product_id=7256 status=ready item_id=121 source_document_id=35243409 publish_action=inserted public_row_id=119 error_code=- error_class=- retries=0
Full item source_product_id=137717 status=ready item_id=122 source_document_id=34569889 publish_action=inserted public_row_id=120 error_code=- error_class=- retries=0
Full item source_product_id=137719 status=ready item_id=123 source_document_id=34552011 publish_action=inserted public_row_id=121 error_code=- error_class=- retries=0
Full item source_product_id=852 status=ready item_id=124 source_document_id=24467040 publish_action=inserted public_row_id=122 error_code=- error_class=- retries=0
Full item source_product_id=922 status=ready item_id=125 source_document_id=34839709 publish_action=inserted public_row_id=123 error_code=- error_class=- retries=0
Full item source_product_id=140357 status=ready item_id=126 source_document_id=34935389 publish_action=inserted public_row_id=124 error_code=- error_class=- retries=0
Full item source_product_id=139781 status=ready item_id=127 source_document_id=34653141 publish_action=inserted public_row_id=125 error_code=- error_class=- retries=0
Full item source_product_id=139295 status=ready item_id=128 source_document_id=14884896 publish_action=inserted public_row_id=126 error_code=- error_class=- retries=0
Full item source_product_id=140374 status=ready item_id=129 source_document_id=29871735 publish_action=inserted public_row_id=127 error_code=- error_class=- retries=0
Full item source_product_id=138364 status=ready item_id=130 source_document_id=35557714 publish_action=inserted public_row_id=128 error_code=- error_class=- retries=0
Full item source_product_id=130519 status=ready item_id=131 source_document_id=34766213 publish_action=inserted public_row_id=129 error_code=- error_class=- retries=0
Full item source_product_id=140166 status=ready item_id=132 source_document_id=35568854 publish_action=inserted public_row_id=130 error_code=- error_class=- retries=0
Full item source_product_id=141368 status=ready item_id=133 source_document_id=34315382 publish_action=inserted public_row_id=131 error_code=- error_class=- retries=0
Full item source_product_id=141390 status=ready item_id=134 source_document_id=35227445 publish_action=inserted public_row_id=132 error_code=- error_class=- retries=0
Full item source_product_id=137628 status=ready item_id=135 source_document_id=35237960 publish_action=inserted public_row_id=133 error_code=- error_class=- retries=0
Full item source_product_id=141038 status=ready item_id=136 source_document_id=34833706 publish_action=inserted public_row_id=134 error_code=- error_class=- retries=0
Full item source_product_id=141028 status=failed item_id=137 source_document_id=- publish_action=- public_row_id=- error_code=DocumentTextExtractionError error_class=permanent retries=0
Full item source_product_id=142255 status=ready item_id=138 source_document_id=34857786 publish_action=inserted public_row_id=135 error_code=- error_class=- retries=0
Full item source_product_id=141061 status=ready item_id=139 source_document_id=29898656 publish_action=inserted public_row_id=136 error_code=- error_class=- retries=0
Full item source_product_id=141097 status=ready item_id=140 source_document_id=35207629 publish_action=inserted public_row_id=137 error_code=- error_class=- retries=0
Full item source_product_id=6033 status=ready item_id=141 source_document_id=34651609 publish_action=inserted public_row_id=138 error_code=- error_class=- retries=1
Full item source_product_id=3267 status=ready item_id=142 source_document_id=24569675 publish_action=inserted public_row_id=139 error_code=- error_class=- retries=0
Full item source_product_id=6294 status=ready item_id=143 source_document_id=24764188 publish_action=inserted public_row_id=140 error_code=- error_class=- retries=0
Full item source_product_id=3705 status=ready item_id=144 source_document_id=35201674 publish_action=inserted public_row_id=141 error_code=- error_class=- retries=0
Full item source_product_id=6824 status=ready item_id=145 source_document_id=31582334 publish_action=inserted public_row_id=142 error_code=- error_class=- retries=0
Full item source_product_id=143910 status=ready item_id=146 source_document_id=35350899 publish_action=inserted public_row_id=143 error_code=- error_class=- retries=0
Full item source_product_id=4128 status=ready item_id=147 source_document_id=35223910 publish_action=inserted public_row_id=144 error_code=- error_class=- retries=0
Full item source_product_id=579136 status=ready item_id=148 source_document_id=33500047 publish_action=inserted public_row_id=145 error_code=- error_class=- retries=0
Full item source_product_id=143624 status=ready item_id=149 source_document_id=34979224 publish_action=inserted public_row_id=146 error_code=- error_class=- retries=0
Full item source_product_id=2471 status=ready item_id=150 source_document_id=33850428 publish_action=inserted public_row_id=147 error_code=- error_class=- retries=0
Full item source_product_id=130572 status=ready item_id=151 source_document_id=34517726 publish_action=inserted public_row_id=148 error_code=- error_class=- retries=0
Full item source_product_id=2513 status=ready item_id=152 source_document_id=25043479 publish_action=inserted public_row_id=149 error_code=- error_class=- retries=0
Full item source_product_id=2746 status=ready item_id=153 source_document_id=33081689 publish_action=inserted public_row_id=150 error_code=- error_class=- retries=0
Full item source_product_id=144281 status=ready item_id=154 source_document_id=34989637 publish_action=inserted public_row_id=151 error_code=- error_class=- retries=0
Full item source_product_id=144583 status=ready item_id=155 source_document_id=35428205 publish_action=inserted public_row_id=152 error_code=- error_class=- retries=0
Full item source_product_id=7731 status=ready item_id=156 source_document_id=35395841 publish_action=inserted public_row_id=153 error_code=- error_class=- retries=0
Full item source_product_id=8425 status=ready item_id=157 source_document_id=16455359 publish_action=inserted public_row_id=154 error_code=- error_class=- retries=0
Full item source_product_id=8447 status=ready item_id=158 source_document_id=13209607 publish_action=inserted public_row_id=155 error_code=- error_class=- retries=0
Full item source_product_id=130575 status=ready item_id=159 source_document_id=35481633 publish_action=inserted public_row_id=156 error_code=- error_class=- retries=0
Full item source_product_id=145335 status=ready item_id=160 source_document_id=34521813 publish_action=inserted public_row_id=157 error_code=- error_class=- retries=0
Full item source_product_id=145397 status=ready item_id=161 source_document_id=34522708 publish_action=inserted public_row_id=158 error_code=- error_class=- retries=0
Full item source_product_id=130557 status=ready item_id=162 source_document_id=33438597 publish_action=inserted public_row_id=159 error_code=- error_class=- retries=0
Full item source_product_id=581780 status=ready item_id=163 source_document_id=11800613 publish_action=inserted public_row_id=160 error_code=- error_class=- retries=0
Full item source_product_id=6345 status=ready item_id=164 source_document_id=35135128 publish_action=inserted public_row_id=161 error_code=- error_class=- retries=0
Full item source_product_id=130505 status=ready item_id=165 source_document_id=34797656 publish_action=inserted public_row_id=162 error_code=- error_class=- retries=0
Full item source_product_id=162915 status=ready item_id=166 source_document_id=34568418 publish_action=inserted public_row_id=163 error_code=- error_class=- retries=0
Full item source_product_id=162481 status=ready item_id=167 source_document_id=34686702 publish_action=inserted public_row_id=164 error_code=- error_class=- retries=0
Full item source_product_id=162094 status=ready item_id=168 source_document_id=35224568 publish_action=inserted public_row_id=165 error_code=- error_class=- retries=0
Full item source_product_id=161766 status=ready item_id=169 source_document_id=34397368 publish_action=inserted public_row_id=166 error_code=- error_class=- retries=0
Full item source_product_id=165175 status=ready item_id=170 source_document_id=34637181 publish_action=inserted public_row_id=167 error_code=- error_class=- retries=0
Full item source_product_id=5872 status=ready item_id=171 source_document_id=35528484 publish_action=inserted public_row_id=168 error_code=- error_class=- retries=0
Full item source_product_id=165203 status=ready item_id=172 source_document_id=23989096 publish_action=inserted public_row_id=169 error_code=- error_class=- retries=0
Full item source_product_id=6124 status=ready item_id=173 source_document_id=24652730 publish_action=inserted public_row_id=170 error_code=- error_class=- retries=0
Full item source_product_id=6975 status=ready item_id=174 source_document_id=34395836 publish_action=inserted public_row_id=171 error_code=- error_class=- retries=0
Full item source_product_id=165061 status=ready item_id=175 source_document_id=34803115 publish_action=inserted public_row_id=172 error_code=- error_class=- retries=0
Full item source_product_id=140875 status=ready item_id=176 source_document_id=35027003 publish_action=inserted public_row_id=173 error_code=- error_class=- retries=0
Full item source_product_id=165077 status=ready item_id=177 source_document_id=31977920 publish_action=inserted public_row_id=174 error_code=- error_class=- retries=0
Full item source_product_id=165089 status=ready item_id=178 source_document_id=34561785 publish_action=inserted public_row_id=175 error_code=- error_class=- retries=0
Full item source_product_id=164263 status=ready item_id=179 source_document_id=31853241 publish_action=inserted public_row_id=176 error_code=- error_class=- retries=0
Full item source_product_id=164270 status=ready item_id=180 source_document_id=31294493 publish_action=inserted public_row_id=177 error_code=- error_class=- retries=0
Full item source_product_id=164276 status=ready item_id=181 source_document_id=31852997 publish_action=inserted public_row_id=178 error_code=- error_class=- retries=0
Full item source_product_id=164280 status=ready item_id=182 source_document_id=31853207 publish_action=inserted public_row_id=179 error_code=- error_class=- retries=0
Full item source_product_id=164286 status=ready item_id=183 source_document_id=31853129 publish_action=inserted public_row_id=180 error_code=- error_class=- retries=0
Full item source_product_id=164287 status=ready item_id=184 source_document_id=31306039 publish_action=inserted public_row_id=181 error_code=- error_class=- retries=0
Full item source_product_id=164292 status=ready item_id=185 source_document_id=31852876 publish_action=inserted public_row_id=182 error_code=- error_class=- retries=0
Full item source_product_id=165118 status=ready item_id=186 source_document_id=32630669 publish_action=inserted public_row_id=183 error_code=- error_class=- retries=0
Full item source_product_id=164967 status=ready item_id=187 source_document_id=34410920 publish_action=inserted public_row_id=184 error_code=- error_class=- retries=0
Full item source_product_id=164974 status=ready item_id=188 source_document_id=34671324 publish_action=inserted public_row_id=185 error_code=- error_class=- retries=0
Full item source_product_id=164980 status=ready item_id=189 source_document_id=34568829 publish_action=inserted public_row_id=186 error_code=- error_class=- retries=0
Full item source_product_id=510216 status=ready item_id=190 source_document_id=34619234 publish_action=inserted public_row_id=187 error_code=- error_class=- retries=0
Full item source_product_id=164993 status=ready item_id=191 source_document_id=34764939 publish_action=inserted public_row_id=188 error_code=- error_class=- retries=0
Full item source_product_id=142256 status=ready item_id=192 source_document_id=34341140 publish_action=inserted public_row_id=189 error_code=- error_class=- retries=0
{"auto_resume":false,"event":"sync_started","max_pages":1000,"max_product_retries":2,"max_products":10000,"mode":"full","page_size":null,"recover_failed_run_id":null,"requested_period_end":null,"requested_period_start":null,"resume_run_id":2,"service":"bulario-service","timestamp":"2026-09-21T18:18:56.780Z"}
{"error_message":"batch discovery paused after transient source failure: AnvisaTransientSourceError: ANVISA returned HTTP 503 path=/api/consulta/bulario page=95","error_type":"BatchIngestionError","event":"sync_failed","exit_code":2,"mode":"full","service":"bulario-service","timestamp":"2026-09-21T21:01:19.713Z"}
Full sync failed: batch discovery paused after transient source failure: AnvisaTransientSourceError: ANVISA returned HTTP 503 path=/api/consulta/bulario page=95
Browser session bootstrap: OK
Browser closed. Starting full sync...
{"auto_resume":false,"event":"sync_started","max_pages":20,"max_product_retries":2,"max_products":100,"mode":"full","page_size":null,"recover_failed_run_id":null,"requested_period_end":null,"requested_period_start":null,"resume_run_id":2,"service":"bulario-service","timestamp":"2026-09-21T21:57:34.721Z"}
{"checkpoint_page":104,"conflicts":0,"discovered":100,"duplicates":0,"duration_seconds":166.57,"event":"sync_result","failed":0,"failed_by_class":{},"inserted":100,"mode":"full","pages_fetched":10,"period_end":"2026-09-21T23:59:59.999Z","period_start":"2000-01-01T00:00:00.000Z","processed":100,"published":100,"ready":100,"resumed":true,"retries":0,"run_id":2,"run_status":"paused","service":"bulario-service","skipped_terminal":0,"source_total_elements":8829,"start_page":95,"stopped_by_page_limit":false,"stopped_by_product_limit":true,"stopped_by_source_blocked":false,"timestamp":"2026-09-21T22:00:23.142Z","unchanged":0}
Browser session bootstrap: OK
Browser closed. Starting full sync...
Full sync: run_id=2 run_status=paused run_mode=full period_start=2000-01-01T00:00:00.000Z period_end=2026-09-21T23:59:59.999Z resumed=true start_page=95 last_completed_page=104 pages_fetched=10 source_total_elements=8829 discovered=100 duplicates=0 skipped_terminal=0 processed=100 ready=100 failed=0 retries=0 duration_seconds=166.570 stopped_by_page_limit=false stopped_by_product_limit=true stopped_by_source_blocked=false
Full item source_product_id=3663293 status=ready item_id=942 source_document_id=35382647 publish_action=inserted public_row_id=930 error_code=- error_class=- retries=0
Full item source_product_id=3706094 status=ready item_id=943 source_document_id=34607082 publish_action=inserted public_row_id=931 error_code=- error_class=- retries=0
Full item source_product_id=3680561 status=ready item_id=944 source_document_id=35432487 publish_action=inserted public_row_id=932 error_code=- error_class=- retries=0
Full item source_product_id=3683051 status=ready item_id=945 source_document_id=35362732 publish_action=inserted public_row_id=933 error_code=- error_class=- retries=0
Full item source_product_id=3683052 status=ready item_id=946 source_document_id=35362500 publish_action=inserted public_row_id=934 error_code=- error_class=- retries=0
Full item source_product_id=3694453 status=ready item_id=947 source_document_id=34551237 publish_action=inserted public_row_id=935 error_code=- error_class=- retries=0
Full item source_product_id=3695255 status=ready item_id=948 source_document_id=35372791 publish_action=inserted public_row_id=936 error_code=- error_class=- retries=0
Full item source_product_id=3676998 status=ready item_id=949 source_document_id=33626124 publish_action=inserted public_row_id=937 error_code=- error_class=- retries=0
Full item source_product_id=3684436 status=ready item_id=950 source_document_id=34740464 publish_action=inserted public_row_id=938 error_code=- error_class=- retries=0
Full item source_product_id=3693096 status=ready item_id=951 source_document_id=34760765 publish_action=inserted public_row_id=939 error_code=- error_class=- retries=0
Full item source_product_id=3682063 status=ready item_id=952 source_document_id=35309391 publish_action=inserted public_row_id=940 error_code=- error_class=- retries=0
Full item source_product_id=3692999 status=ready item_id=953 source_document_id=35089098 publish_action=inserted public_row_id=941 error_code=- error_class=- retries=0
Full item source_product_id=3707390 status=ready item_id=954 source_document_id=35239443 publish_action=inserted public_row_id=942 error_code=- error_class=- retries=0
Full item source_product_id=3706476 status=ready item_id=955 source_document_id=34066039 publish_action=inserted public_row_id=943 error_code=- error_class=- retries=0
Full item source_product_id=3678025 status=ready item_id=956 source_document_id=34899570 publish_action=inserted public_row_id=944 error_code=- error_class=- retries=0
Full item source_product_id=3689253 status=ready item_id=957 source_document_id=35400713 publish_action=inserted public_row_id=945 error_code=- error_class=- retries=0
Full item source_product_id=3694451 status=ready item_id=958 source_document_id=35371756 publish_action=inserted public_row_id=946 error_code=- error_class=- retries=0
Full item source_product_id=3678750 status=ready item_id=959 source_document_id=34365179 publish_action=inserted public_row_id=947 error_code=- error_class=- retries=0
Full item source_product_id=3675197 status=ready item_id=960 source_document_id=34791801 publish_action=inserted public_row_id=948 error_code=- error_class=- retries=0
Full item source_product_id=3682148 status=ready item_id=961 source_document_id=34630989 publish_action=inserted public_row_id=949 error_code=- error_class=- retries=0
Full item source_product_id=3707426 status=ready item_id=962 source_document_id=35125780 publish_action=inserted public_row_id=950 error_code=- error_class=- retries=0
Full item source_product_id=3663782 status=ready item_id=963 source_document_id=35539106 publish_action=inserted public_row_id=951 error_code=- error_class=- retries=0
Full item source_product_id=3700286 status=ready item_id=964 source_document_id=35122370 publish_action=inserted public_row_id=952 error_code=- error_class=- retries=0
Full item source_product_id=3692995 status=ready item_id=965 source_document_id=34683936 publish_action=inserted public_row_id=953 error_code=- error_class=- retries=0
Full item source_product_id=3697414 status=ready item_id=966 source_document_id=35181371 publish_action=inserted public_row_id=954 error_code=- error_class=- retries=0
Full item source_product_id=3701590 status=ready item_id=967 source_document_id=35243237 publish_action=inserted public_row_id=955 error_code=- error_class=- retries=0
Full item source_product_id=3686981 status=ready item_id=968 source_document_id=35212073 publish_action=inserted public_row_id=956 error_code=- error_class=- retries=0
Full item source_product_id=3695866 status=ready item_id=969 source_document_id=35374653 publish_action=inserted public_row_id=957 error_code=- error_class=- retries=0
Full item source_product_id=3680831 status=ready item_id=970 source_document_id=35490625 publish_action=inserted public_row_id=958 error_code=- error_class=- retries=0
Full item source_product_id=3711625 status=ready item_id=971 source_document_id=34945159 publish_action=inserted public_row_id=959 error_code=- error_class=- retries=0
Full item source_product_id=3678472 status=ready item_id=972 source_document_id=34808275 publish_action=inserted public_row_id=960 error_code=- error_class=- retries=0
Full item source_product_id=3693107 status=ready item_id=973 source_document_id=35567827 publish_action=inserted public_row_id=961 error_code=- error_class=- retries=0
Full item source_product_id=3692883 status=ready item_id=974 source_document_id=35239173 publish_action=inserted public_row_id=962 error_code=- error_class=- retries=0
Full item source_product_id=3694060 status=ready item_id=975 source_document_id=34381797 publish_action=inserted public_row_id=963 error_code=- error_class=- retries=0
Full item source_product_id=3694806 status=ready item_id=976 source_document_id=34240275 publish_action=inserted public_row_id=964 error_code=- error_class=- retries=0
Full item source_product_id=3681472 status=ready item_id=977 source_document_id=34537756 publish_action=inserted public_row_id=965 error_code=- error_class=- retries=0
Full item source_product_id=3688822 status=ready item_id=978 source_document_id=34310233 publish_action=inserted public_row_id=966 error_code=- error_class=- retries=0
Full item source_product_id=3688823 status=ready item_id=979 source_document_id=34310188 publish_action=inserted public_row_id=967 error_code=- error_class=- retries=0
Full item source_product_id=3697045 status=ready item_id=980 source_document_id=35527894 publish_action=inserted public_row_id=968 error_code=- error_class=- retries=0
Full item source_product_id=3697528 status=ready item_id=981 source_document_id=35201375 publish_action=inserted public_row_id=969 error_code=- error_class=- retries=0
Full item source_product_id=3677619 status=ready item_id=982 source_document_id=32381012 publish_action=inserted public_row_id=970 error_code=- error_class=- retries=0
Full item source_product_id=3678983 status=ready item_id=983 source_document_id=35143993 publish_action=inserted public_row_id=971 error_code=- error_class=- retries=0
Full item source_product_id=3705392 status=ready item_id=984 source_document_id=34443806 publish_action=inserted public_row_id=972 error_code=- error_class=- retries=0
Full item source_product_id=3693632 status=ready item_id=985 source_document_id=34114744 publish_action=inserted public_row_id=973 error_code=- error_class=- retries=0
Full item source_product_id=3677513 status=ready item_id=986 source_document_id=35089179 publish_action=inserted public_row_id=974 error_code=- error_class=- retries=0
Full item source_product_id=3687380 status=ready item_id=987 source_document_id=35212425 publish_action=inserted public_row_id=975 error_code=- error_class=- retries=0
Full item source_product_id=3698318 status=ready item_id=988 source_document_id=34775231 publish_action=inserted public_row_id=976 error_code=- error_class=- retries=0
Full item source_product_id=3677622 status=ready item_id=989 source_document_id=35295835 publish_action=inserted public_row_id=977 error_code=- error_class=- retries=0
Full item source_product_id=3708568 status=ready item_id=990 source_document_id=34669881 publish_action=inserted public_row_id=978 error_code=- error_class=- retries=0
Full item source_product_id=3706488 status=ready item_id=991 source_document_id=34881843 publish_action=inserted public_row_id=979 error_code=- error_class=- retries=0
Full item source_product_id=3703133 status=ready item_id=992 source_document_id=35469953 publish_action=inserted public_row_id=980 error_code=- error_class=- retries=0
Full item source_product_id=3678019 status=ready item_id=993 source_document_id=34806957 publish_action=inserted public_row_id=981 error_code=- error_class=- retries=0
Full item source_product_id=3707830 status=ready item_id=994 source_document_id=35190605 publish_action=inserted public_row_id=982 error_code=- error_class=- retries=0
Full item source_product_id=3706585 status=ready item_id=995 source_document_id=34740827 publish_action=inserted public_row_id=983 error_code=- error_class=- retries=0
Full item source_product_id=3705236 status=ready item_id=996 source_document_id=35146842 publish_action=inserted public_row_id=984 error_code=- error_class=- retries=0
Full item source_product_id=3705403 status=ready item_id=997 source_document_id=35220867 publish_action=inserted public_row_id=985 error_code=- error_class=- retries=0
Full item source_product_id=3688521 status=ready item_id=998 source_document_id=34422537 publish_action=inserted public_row_id=986 error_code=- error_class=- retries=0
Full item source_product_id=3678300 status=ready item_id=999 source_document_id=35238917 publish_action=inserted public_row_id=987 error_code=- error_class=- retries=0
Full item source_product_id=3706540 status=ready item_id=1000 source_document_id=35566645 publish_action=inserted public_row_id=988 error_code=- error_class=- retries=0
Full item source_product_id=3706090 status=ready item_id=1001 source_document_id=34618060 publish_action=inserted public_row_id=989 error_code=- error_class=- retries=0
Full item source_product_id=3710425 status=ready item_id=1002 source_document_id=35049275 publish_action=inserted public_row_id=990 error_code=- error_class=- retries=0
Full item source_product_id=3688447 status=ready item_id=1003 source_document_id=35552346 publish_action=inserted public_row_id=991 error_code=- error_class=- retries=0
Full item source_product_id=3686617 status=ready item_id=1004 source_document_id=34515516 publish_action=inserted public_row_id=992 error_code=- error_class=- retries=0
Full item source_product_id=3736915 status=ready item_id=1005 source_document_id=34041935 publish_action=inserted public_row_id=993 error_code=- error_class=- retries=0
Full item source_product_id=3736916 status=ready item_id=1006 source_document_id=34080268 publish_action=inserted public_row_id=994 error_code=- error_class=- retries=0
Full item source_product_id=3749318 status=ready item_id=1007 source_document_id=35185498 publish_action=inserted public_row_id=995 error_code=- error_class=- retries=0
Full item source_product_id=3751417 status=ready item_id=1008 source_document_id=35128729 publish_action=inserted public_row_id=996 error_code=- error_class=- retries=0
Full item source_product_id=3775447 status=ready item_id=1009 source_document_id=35171186 publish_action=inserted public_row_id=997 error_code=- error_class=- retries=0
Full item source_product_id=3662220 status=ready item_id=1010 source_document_id=34838952 publish_action=inserted public_row_id=998 error_code=- error_class=- retries=0
Full item source_product_id=3734009 status=ready item_id=1011 source_document_id=35516479 publish_action=inserted public_row_id=999 error_code=- error_class=- retries=0
Full item source_product_id=3753622 status=ready item_id=1012 source_document_id=35075901 publish_action=inserted public_row_id=1000 error_code=- error_class=- retries=0
Full item source_product_id=3760049 status=ready item_id=1013 source_document_id=33515379 publish_action=inserted public_row_id=1001 error_code=- error_class=- retries=0
Full item source_product_id=3753172 status=ready item_id=1014 source_document_id=34838118 publish_action=inserted public_row_id=1002 error_code=- error_class=- retries=0
Full item source_product_id=3759955 status=ready item_id=1015 source_document_id=34587431 publish_action=inserted public_row_id=1003 error_code=- error_class=- retries=0
Full item source_product_id=3757481 status=ready item_id=1016 source_document_id=35262987 publish_action=inserted public_row_id=1004 error_code=- error_class=- retries=0
Full item source_product_id=3763869 status=ready item_id=1017 source_document_id=33469348 publish_action=inserted public_row_id=1005 error_code=- error_class=- retries=0
Full item source_product_id=3754379 status=ready item_id=1018 source_document_id=33306046 publish_action=inserted public_row_id=1006 error_code=- error_class=- retries=0
Full item source_product_id=3764662 status=ready item_id=1019 source_document_id=33451806 publish_action=inserted public_row_id=1007 error_code=- error_class=- retries=0
Full item source_product_id=3776595 status=ready item_id=1020 source_document_id=35203543 publish_action=inserted public_row_id=1008 error_code=- error_class=- retries=0
Full item source_product_id=3744702 status=ready item_id=1021 source_document_id=34585986 publish_action=inserted public_row_id=1009 error_code=- error_class=- retries=0
Full item source_product_id=3694454 status=ready item_id=1022 source_document_id=32585818 publish_action=inserted public_row_id=1010 error_code=- error_class=- retries=0
Full item source_product_id=3767456 status=ready item_id=1023 source_document_id=33008029 publish_action=inserted public_row_id=1011 error_code=- error_class=- retries=0
Full item source_product_id=3763000 status=ready item_id=1024 source_document_id=35168354 publish_action=inserted public_row_id=1012 error_code=- error_class=- retries=0
Full item source_product_id=3763452 status=ready item_id=1025 source_document_id=35366417 publish_action=inserted public_row_id=1013 error_code=- error_class=- retries=0
Full item source_product_id=3750254 status=ready item_id=1026 source_document_id=32928019 publish_action=inserted public_row_id=1014 error_code=- error_class=- retries=0
Full item source_product_id=3761656 status=ready item_id=1027 source_document_id=35280307 publish_action=inserted public_row_id=1015 error_code=- error_class=- retries=0
Full item source_product_id=3752303 status=ready item_id=1028 source_document_id=34864026 publish_action=inserted public_row_id=1016 error_code=- error_class=- retries=0
Full item source_product_id=3750693 status=ready item_id=1029 source_document_id=33280194 publish_action=inserted public_row_id=1017 error_code=- error_class=- retries=0
Full item source_product_id=3775191 status=ready item_id=1030 source_document_id=34567841 publish_action=inserted public_row_id=1018 error_code=- error_class=- retries=0
Full item source_product_id=3769594 status=ready item_id=1031 source_document_id=34336901 publish_action=inserted public_row_id=1019 error_code=- error_class=- retries=0
Full item source_product_id=3747939 status=ready item_id=1032 source_document_id=34824998 publish_action=inserted public_row_id=1020 error_code=- error_class=- retries=0
Full item source_product_id=3752287 status=ready item_id=1033 source_document_id=33306244 publish_action=inserted public_row_id=1021 error_code=- error_class=- retries=0
Full item source_product_id=3751126 status=ready item_id=1034 source_document_id=33253141 publish_action=inserted public_row_id=1022 error_code=- error_class=- retries=0
Full item source_product_id=3775392 status=ready item_id=1035 source_document_id=35249766 publish_action=inserted public_row_id=1023 error_code=- error_class=- retries=0
Full item source_product_id=3748038 status=ready item_id=1036 source_document_id=33998507 publish_action=inserted public_row_id=1024 error_code=- error_class=- retries=0
Full item source_product_id=3751107 status=ready item_id=1037 source_document_id=33245622 publish_action=inserted public_row_id=1025 error_code=- error_class=- retries=0
Full item source_product_id=3776994 status=ready item_id=1038 source_document_id=34302064 publish_action=inserted public_row_id=1026 error_code=- error_class=- retries=0
Full item source_product_id=3763873 status=ready item_id=1039 source_document_id=33001169 publish_action=inserted public_row_id=1027 error_code=- error_class=- retries=0
Full item source_product_id=3764310 status=ready item_id=1040 source_document_id=33368972 publish_action=inserted public_row_id=1028 error_code=- error_class=- retries=0
Full item source_product_id=3761201 status=ready item_id=1041 source_document_id=33338190 publish_action=inserted public_row_id=1029 error_code=- error_class=- retries=0
full_sync_ready=true
{"auto_resume":false,"event":"sync_started","max_pages":1000,"max_product_retries":2,"max_products":10000,"mode":"full","page_size":null,"recover_failed_run_id":null,"requested_period_end":null,"requested_period_start":null,"resume_run_id":2,"service":"bulario-service","timestamp":"2026-09-21T23:11:33.292Z"}
{"error_message":"batch discovery paused after transient source failure: AnvisaTransientSourceError: ANVISA returned HTTP 503 path=/api/consulta/bulario page=179","error_type":"BatchIngestionError","event":"sync_failed","exit_code":2,"mode":"full","service":"bulario-service","timestamp":"2026-09-22T00:06:57.124Z"}
Full sync failed: batch discovery paused after transient source failure: AnvisaTransientSourceError: ANVISA returned HTTP 503 path=/api/consulta/bulario page=179
Browser session bootstrap: OK
Browser closed. Starting full sync...
{"auto_resume":false,"event":"sync_started","max_pages":20,"max_product_retries":2,"max_products":100,"mode":"full","page_size":null,"recover_failed_run_id":null,"requested_period_end":null,"requested_period_start":null,"resume_run_id":2,"service":"bulario-service","timestamp":"2026-09-22T00:31:42.954Z"}
{"checkpoint_page":188,"conflicts":0,"discovered":100,"duplicates":0,"duration_seconds":1607.009,"event":"sync_result","failed":1,"failed_by_class":{"permanent":1},"inserted":99,"mode":"full","pages_fetched":10,"period_end":"2026-09-21T23:59:59.999Z","period_start":"2000-01-01T00:00:00.000Z","processed":100,"published":99,"ready":99,"resumed":true,"retries":3,"run_id":2,"run_status":"paused","service":"bulario-service","skipped_terminal":0,"source_total_elements":8829,"start_page":179,"stopped_by_page_limit":false,"stopped_by_product_limit":true,"stopped_by_source_blocked":false,"timestamp":"2026-09-22T00:58:31.474Z","unchanged":0}
Browser session bootstrap: OK
Browser closed. Starting full sync...
Full sync: run_id=2 run_status=paused run_mode=full period_start=2000-01-01T00:00:00.000Z period_end=2026-09-21T23:59:59.999Z resumed=true start_page=179 last_completed_page=188 pages_fetched=10 source_total_elements=8829 discovered=100 duplicates=0 skipped_terminal=0 processed=100 ready=99 failed=1 retries=3 duration_seconds=1607.009 stopped_by_page_limit=false stopped_by_product_limit=true stopped_by_source_blocked=false
Full item source_product_id=2683444 status=ready item_id=1782 source_document_id=35271792 publish_action=inserted public_row_id=1757 error_code=- error_class=- retries=0
Full item source_product_id=2456085 status=ready item_id=1783 source_document_id=34769509 publish_action=inserted public_row_id=1758 error_code=- error_class=- retries=0
Full item source_product_id=2245919 status=ready item_id=1784 source_document_id=34051679 publish_action=inserted public_row_id=1759 error_code=- error_class=- retries=0
Full item source_product_id=2688803 status=ready item_id=1785 source_document_id=35337642 publish_action=inserted public_row_id=1760 error_code=- error_class=- retries=0
Full item source_product_id=2547640 status=ready item_id=1786 source_document_id=34911562 publish_action=inserted public_row_id=1761 error_code=- error_class=- retries=0
Full item source_product_id=2630732 status=ready item_id=1787 source_document_id=34509415 publish_action=inserted public_row_id=1762 error_code=- error_class=- retries=0
Full item source_product_id=1904535 status=ready item_id=1788 source_document_id=34553797 publish_action=inserted public_row_id=1763 error_code=- error_class=- retries=0
Full item source_product_id=2511242 status=ready item_id=1789 source_document_id=35573525 publish_action=inserted public_row_id=1764 error_code=- error_class=- retries=0
Full item source_product_id=2320291 status=ready item_id=1790 source_document_id=34938841 publish_action=inserted public_row_id=1765 error_code=- error_class=- retries=0
Full item source_product_id=2533439 status=ready item_id=1791 source_document_id=32354636 publish_action=inserted public_row_id=1766 error_code=- error_class=- retries=0
Full item source_product_id=2755727 status=ready item_id=1792 source_document_id=34567759 publish_action=inserted public_row_id=1767 error_code=- error_class=- retries=0
Full item source_product_id=2755838 status=ready item_id=1793 source_document_id=34092930 publish_action=inserted public_row_id=1768 error_code=- error_class=- retries=0
Full item source_product_id=2505433 status=failed item_id=1794 source_document_id=- publish_action=- public_row_id=- error_code=AnvisaPermanentSourceError error_class=permanent retries=0
Full item source_product_id=2505434 status=ready item_id=1795 source_document_id=35308020 publish_action=inserted public_row_id=1769 error_code=- error_class=- retries=0
Full item source_product_id=2149115 status=ready item_id=1796 source_document_id=33774520 publish_action=inserted public_row_id=1770 error_code=- error_class=- retries=0
Full item source_product_id=2389492 status=ready item_id=1797 source_document_id=27185152 publish_action=inserted public_row_id=1771 error_code=- error_class=- retries=2
Full item source_product_id=2808387 status=ready item_id=1798 source_document_id=35337301 publish_action=inserted public_row_id=1772 error_code=- error_class=- retries=0
Full item source_product_id=3607662 status=ready item_id=1799 source_document_id=33549797 publish_action=inserted public_row_id=1773 error_code=- error_class=- retries=0
Full item source_product_id=3554783 status=ready item_id=1800 source_document_id=34740776 publish_action=inserted public_row_id=1774 error_code=- error_class=- retries=0
Full item source_product_id=2687741 status=ready item_id=1801 source_document_id=34951756 publish_action=inserted public_row_id=1775 error_code=- error_class=- retries=0
Full item source_product_id=2743217 status=ready item_id=1802 source_document_id=34791780 publish_action=inserted public_row_id=1776 error_code=- error_class=- retries=0
Full item source_product_id=3171053 status=ready item_id=1803 source_document_id=33478715 publish_action=inserted public_row_id=1777 error_code=- error_class=- retries=0
Full item source_product_id=2581228 status=ready item_id=1804 source_document_id=34483603 publish_action=inserted public_row_id=1778 error_code=- error_class=- retries=0
Full item source_product_id=3501233 status=ready item_id=1805 source_document_id=32004400 publish_action=inserted public_row_id=1779 error_code=- error_class=- retries=0
Full item source_product_id=3503633 status=ready item_id=1806 source_document_id=33996503 publish_action=inserted public_row_id=1780 error_code=- error_class=- retries=0
Full item source_product_id=2470940 status=ready item_id=1807 source_document_id=34777282 publish_action=inserted public_row_id=1781 error_code=- error_class=- retries=0
Full item source_product_id=2617795 status=ready item_id=1808 source_document_id=34897616 publish_action=inserted public_row_id=1782 error_code=- error_class=- retries=0
Full item source_product_id=2476766 status=ready item_id=1809 source_document_id=34793088 publish_action=inserted public_row_id=1783 error_code=- error_class=- retries=0
Full item source_product_id=3466235 status=ready item_id=1810 source_document_id=35506158 publish_action=inserted public_row_id=1784 error_code=- error_class=- retries=0
Full item source_product_id=2928712 status=ready item_id=1811 source_document_id=29238876 publish_action=inserted public_row_id=1785 error_code=- error_class=- retries=0
Full item source_product_id=3595588 status=ready item_id=1812 source_document_id=31262839 publish_action=inserted public_row_id=1786 error_code=- error_class=- retries=0
Full item source_product_id=2743206 status=ready item_id=1813 source_document_id=34361150 publish_action=inserted public_row_id=1787 error_code=- error_class=- retries=0
Full item source_product_id=2179646 status=ready item_id=1814 source_document_id=35444118 publish_action=inserted public_row_id=1788 error_code=- error_class=- retries=0
Full item source_product_id=3604525 status=ready item_id=1815 source_document_id=34978305 publish_action=inserted public_row_id=1789 error_code=- error_class=- retries=0
Full item source_product_id=2196380 status=ready item_id=1816 source_document_id=26950117 publish_action=inserted public_row_id=1790 error_code=- error_class=- retries=0
Full item source_product_id=2309955 status=ready item_id=1817 source_document_id=33697627 publish_action=inserted public_row_id=1791 error_code=- error_class=- retries=0
Full item source_product_id=2035253 status=ready item_id=1818 source_document_id=24852122 publish_action=inserted public_row_id=1792 error_code=- error_class=- retries=1
Full item source_product_id=2407174 status=ready item_id=1819 source_document_id=35206356 publish_action=inserted public_row_id=1793 error_code=- error_class=- retries=0
Full item source_product_id=2270135 status=ready item_id=1820 source_document_id=34292929 publish_action=inserted public_row_id=1794 error_code=- error_class=- retries=0
Full item source_product_id=3508931 status=ready item_id=1821 source_document_id=34944789 publish_action=inserted public_row_id=1795 error_code=- error_class=- retries=0
Full item source_product_id=3508932 status=ready item_id=1822 source_document_id=34944813 publish_action=inserted public_row_id=1796 error_code=- error_class=- retries=0
Full item source_product_id=2691154 status=ready item_id=1823 source_document_id=35138228 publish_action=inserted public_row_id=1797 error_code=- error_class=- retries=0
Full item source_product_id=3608019 status=ready item_id=1824 source_document_id=34631632 publish_action=inserted public_row_id=1798 error_code=- error_class=- retries=0
Full item source_product_id=3651455 status=ready item_id=1825 source_document_id=35440748 publish_action=inserted public_row_id=1799 error_code=- error_class=- retries=0
Full item source_product_id=3614874 status=ready item_id=1826 source_document_id=35517495 publish_action=inserted public_row_id=1800 error_code=- error_class=- retries=0
Full item source_product_id=3622074 status=ready item_id=1827 source_document_id=33894311 publish_action=inserted public_row_id=1801 error_code=- error_class=- retries=0
Full item source_product_id=3647051 status=ready item_id=1828 source_document_id=33177702 publish_action=inserted public_row_id=1802 error_code=- error_class=- retries=0
Full item source_product_id=3612546 status=ready item_id=1829 source_document_id=35343498 publish_action=inserted public_row_id=1803 error_code=- error_class=- retries=0
Full item source_product_id=3591173 status=ready item_id=1830 source_document_id=35127683 publish_action=inserted public_row_id=1804 error_code=- error_class=- retries=0
Full item source_product_id=3584097 status=ready item_id=1831 source_document_id=35533818 publish_action=inserted public_row_id=1805 error_code=- error_class=- retries=0
Full item source_product_id=3647765 status=ready item_id=1832 source_document_id=34410369 publish_action=inserted public_row_id=1806 error_code=- error_class=- retries=0
Full item source_product_id=3556565 status=ready item_id=1833 source_document_id=34298962 publish_action=inserted public_row_id=1807 error_code=- error_class=- retries=0
Full item source_product_id=3471799 status=ready item_id=1834 source_document_id=34599623 publish_action=inserted public_row_id=1808 error_code=- error_class=- retries=0
Full item source_product_id=3589473 status=ready item_id=1835 source_document_id=34575474 publish_action=inserted public_row_id=1809 error_code=- error_class=- retries=0
Full item source_product_id=3631730 status=ready item_id=1836 source_document_id=31931755 publish_action=inserted public_row_id=1810 error_code=- error_class=- retries=0
Full item source_product_id=3600743 status=ready item_id=1837 source_document_id=33279076 publish_action=inserted public_row_id=1811 error_code=- error_class=- retries=0
Full item source_product_id=3589679 status=ready item_id=1838 source_document_id=34708966 publish_action=inserted public_row_id=1812 error_code=- error_class=- retries=0
Full item source_product_id=3653329 status=ready item_id=1839 source_document_id=33360115 publish_action=inserted public_row_id=1813 error_code=- error_class=- retries=0
Full item source_product_id=3592910 status=ready item_id=1840 source_document_id=34586134 publish_action=inserted public_row_id=1814 error_code=- error_class=- retries=0
Full item source_product_id=3591539 status=ready item_id=1841 source_document_id=35257561 publish_action=inserted public_row_id=1815 error_code=- error_class=- retries=0
Full item source_product_id=3641838 status=ready item_id=1842 source_document_id=34456753 publish_action=inserted public_row_id=1816 error_code=- error_class=- retries=0
Full item source_product_id=3648390 status=ready item_id=1843 source_document_id=35236287 publish_action=inserted public_row_id=1817 error_code=- error_class=- retries=0
Full item source_product_id=3492924 status=ready item_id=1844 source_document_id=34575706 publish_action=inserted public_row_id=1818 error_code=- error_class=- retries=0
Full item source_product_id=3645735 status=ready item_id=1845 source_document_id=35269070 publish_action=inserted public_row_id=1819 error_code=- error_class=- retries=0
Full item source_product_id=3525840 status=ready item_id=1846 source_document_id=31717400 publish_action=inserted public_row_id=1820 error_code=- error_class=- retries=0
Full item source_product_id=3544653 status=ready item_id=1847 source_document_id=35450177 publish_action=inserted public_row_id=1821 error_code=- error_class=- retries=0
Full item source_product_id=3576508 status=ready item_id=1848 source_document_id=34575475 publish_action=inserted public_row_id=1822 error_code=- error_class=- retries=0
Full item source_product_id=3606241 status=ready item_id=1849 source_document_id=34290576 publish_action=inserted public_row_id=1823 error_code=- error_class=- retries=0
Full item source_product_id=3557276 status=ready item_id=1850 source_document_id=33766361 publish_action=inserted public_row_id=1824 error_code=- error_class=- retries=0
Full item source_product_id=3565894 status=ready item_id=1851 source_document_id=35389795 publish_action=inserted public_row_id=1825 error_code=- error_class=- retries=0
Full item source_product_id=3589674 status=ready item_id=1852 source_document_id=34760340 publish_action=inserted public_row_id=1826 error_code=- error_class=- retries=0
Full item source_product_id=3608391 status=ready item_id=1853 source_document_id=33001246 publish_action=inserted public_row_id=1827 error_code=- error_class=- retries=0
Full item source_product_id=3562322 status=ready item_id=1854 source_document_id=32379182 publish_action=inserted public_row_id=1828 error_code=- error_class=- retries=0
Full item source_product_id=3613677 status=ready item_id=1855 source_document_id=34905606 publish_action=inserted public_row_id=1829 error_code=- error_class=- retries=0
Full item source_product_id=3559146 status=ready item_id=1856 source_document_id=34485265 publish_action=inserted public_row_id=1830 error_code=- error_class=- retries=0
Full item source_product_id=3560145 status=ready item_id=1857 source_document_id=33478493 publish_action=inserted public_row_id=1831 error_code=- error_class=- retries=0
Full item source_product_id=3558216 status=ready item_id=1858 source_document_id=34719258 publish_action=inserted public_row_id=1832 error_code=- error_class=- retries=0
Full item source_product_id=3568488 status=ready item_id=1859 source_document_id=35148760 publish_action=inserted public_row_id=1833 error_code=- error_class=- retries=0
Full item source_product_id=3638575 status=ready item_id=1860 source_document_id=35193365 publish_action=inserted public_row_id=1834 error_code=- error_class=- retries=0
Full item source_product_id=3600744 status=ready item_id=1861 source_document_id=35080813 publish_action=inserted public_row_id=1835 error_code=- error_class=- retries=0
Full item source_product_id=3565885 status=ready item_id=1862 source_document_id=35528692 publish_action=inserted public_row_id=1836 error_code=- error_class=- retries=0
Full item source_product_id=3563375 status=ready item_id=1863 source_document_id=34716544 publish_action=inserted public_row_id=1837 error_code=- error_class=- retries=0
Full item source_product_id=3572047 status=ready item_id=1864 source_document_id=34592787 publish_action=inserted public_row_id=1838 error_code=- error_class=- retries=0
Full item source_product_id=3568494 status=ready item_id=1865 source_document_id=35293456 publish_action=inserted public_row_id=1839 error_code=- error_class=- retries=0
Full item source_product_id=3625629 status=ready item_id=1866 source_document_id=35390699 publish_action=inserted public_row_id=1840 error_code=- error_class=- retries=0
Full item source_product_id=3589895 status=ready item_id=1867 source_document_id=34844899 publish_action=inserted public_row_id=1841 error_code=- error_class=- retries=0
Full item source_product_id=3575671 status=ready item_id=1868 source_document_id=35223226 publish_action=inserted public_row_id=1842 error_code=- error_class=- retries=0
Full item source_product_id=3324751 status=ready item_id=1869 source_document_id=34592613 publish_action=inserted public_row_id=1843 error_code=- error_class=- retries=0
Full item source_product_id=3616456 status=ready item_id=1870 source_document_id=35197849 publish_action=inserted public_row_id=1844 error_code=- error_class=- retries=0
Full item source_product_id=3619223 status=ready item_id=1871 source_document_id=34694000 publish_action=inserted public_row_id=1845 error_code=- error_class=- retries=0
Full item source_product_id=3548337 status=ready item_id=1872 source_document_id=34588555 publish_action=inserted public_row_id=1846 error_code=- error_class=- retries=0
Full item source_product_id=3640635 status=ready item_id=1873 source_document_id=33987609 publish_action=inserted public_row_id=1847 error_code=- error_class=- retries=0
Full item source_product_id=3606243 status=ready item_id=1874 source_document_id=34828733 publish_action=inserted public_row_id=1848 error_code=- error_class=- retries=0
Full item source_product_id=3607646 status=ready item_id=1875 source_document_id=34409776 publish_action=inserted public_row_id=1849 error_code=- error_class=- retries=0
Full item source_product_id=3557828 status=ready item_id=1876 source_document_id=34779268 publish_action=inserted public_row_id=1850 error_code=- error_class=- retries=0
Full item source_product_id=3647336 status=ready item_id=1877 source_document_id=34574041 publish_action=inserted public_row_id=1851 error_code=- error_class=- retries=0
Full item source_product_id=3557020 status=ready item_id=1878 source_document_id=32569221 publish_action=inserted public_row_id=1852 error_code=- error_class=- retries=0
Full item source_product_id=3627697 status=ready item_id=1879 source_document_id=34589528 publish_action=inserted public_row_id=1853 error_code=- error_class=- retries=0
Full item source_product_id=3629388 status=ready item_id=1880 source_document_id=34151535 publish_action=inserted public_row_id=1854 error_code=- error_class=- retries=0
Full item source_product_id=3610432 status=ready item_id=1881 source_document_id=34472467 publish_action=inserted public_row_id=1855 error_code=- error_class=- retries=0
{"auto_resume":false,"event":"sync_started","max_pages":1000,"max_product_retries":2,"max_products":10000,"mode":"full","page_size":null,"recover_failed_run_id":null,"requested_period_end":null,"requested_period_start":null,"resume_run_id":2,"service":"bulario-service","timestamp":"2026-09-22T01:07:47.694Z"}
{"error_message":"batch discovery paused after transient source failure: AnvisaTransientSourceError: ANVISA returned HTTP 503 path=/api/consulta/bulario page=408","error_type":"BatchIngestionError","event":"sync_failed","exit_code":2,"mode":"full","service":"bulario-service","timestamp":"2026-09-22T04:15:12.943Z"}
Full sync failed: batch discovery paused after transient source failure: AnvisaTransientSourceError: ANVISA returned HTTP 503 path=/api/consulta/bulario page=408
Browser session bootstrap: OK
Browser closed. Starting full sync...
{"auto_resume":false,"event":"sync_started","max_pages":20,"max_product_retries":2,"max_products":100,"mode":"full","page_size":null,"recover_failed_run_id":null,"requested_period_end":null,"requested_period_start":null,"resume_run_id":2,"service":"bulario-service","timestamp":"2026-09-22T14:03:16.445Z"}
{"checkpoint_page":417,"conflicts":0,"discovered":100,"duplicates":0,"duration_seconds":2724.367,"event":"sync_result","failed":1,"failed_by_class":{"permanent":1},"inserted":99,"mode":"full","pages_fetched":10,"period_end":"2026-09-21T23:59:59.999Z","period_start":"2000-01-01T00:00:00.000Z","processed":100,"published":99,"ready":99,"resumed":true,"retries":0,"run_id":2,"run_status":"paused","service":"bulario-service","skipped_terminal":0,"source_total_elements":8830,"start_page":408,"stopped_by_page_limit":false,"stopped_by_product_limit":true,"stopped_by_source_blocked":false,"timestamp":"2026-09-22T14:48:44.182Z","unchanged":0}
Browser session bootstrap: OK
Browser closed. Starting full sync...
Full sync: run_id=2 run_status=paused run_mode=full period_start=2000-01-01T00:00:00.000Z period_end=2026-09-21T23:59:59.999Z resumed=true start_page=408 last_completed_page=417 pages_fetched=10 source_total_elements=8830 discovered=100 duplicates=0 skipped_terminal=0 processed=100 ready=99 failed=1 retries=0 duration_seconds=2724.367 stopped_by_page_limit=false stopped_by_product_limit=true stopped_by_source_blocked=false
Full item source_product_id=3482632 status=ready item_id=4072 source_document_id=34642842 publish_action=inserted public_row_id=4014 error_code=- error_class=- retries=0
Full item source_product_id=2025539 status=ready item_id=4073 source_document_id=34726649 publish_action=inserted public_row_id=4015 error_code=- error_class=- retries=0
Full item source_product_id=2987472 status=ready item_id=4074 source_document_id=35214277 publish_action=inserted public_row_id=4016 error_code=- error_class=- retries=0
Full item source_product_id=3544656 status=ready item_id=4075 source_document_id=29561987 publish_action=inserted public_row_id=4017 error_code=- error_class=- retries=0
Full item source_product_id=3544668 status=ready item_id=4076 source_document_id=34850724 publish_action=inserted public_row_id=4018 error_code=- error_class=- retries=0
Full item source_product_id=3164524 status=ready item_id=4077 source_document_id=35168272 publish_action=inserted public_row_id=4019 error_code=- error_class=- retries=0
Full item source_product_id=3283566 status=ready item_id=4078 source_document_id=34546112 publish_action=inserted public_row_id=4020 error_code=- error_class=- retries=0
Full item source_product_id=3264407 status=ready item_id=4079 source_document_id=35493658 publish_action=inserted public_row_id=4021 error_code=- error_class=- retries=0
Full item source_product_id=3373744 status=ready item_id=4080 source_document_id=34636478 publish_action=inserted public_row_id=4022 error_code=- error_class=- retries=0
Full item source_product_id=3543105 status=ready item_id=4081 source_document_id=34347935 publish_action=inserted public_row_id=4023 error_code=- error_class=- retries=0
Full item source_product_id=2999496 status=ready item_id=4082 source_document_id=35216557 publish_action=inserted public_row_id=4024 error_code=- error_class=- retries=0
Full item source_product_id=3314975 status=ready item_id=4083 source_document_id=34768724 publish_action=inserted public_row_id=4025 error_code=- error_class=- retries=0
Full item source_product_id=3330146 status=ready item_id=4084 source_document_id=34574180 publish_action=inserted public_row_id=4026 error_code=- error_class=- retries=0
Full item source_product_id=3019800 status=ready item_id=4085 source_document_id=32699827 publish_action=inserted public_row_id=4027 error_code=- error_class=- retries=0
Full item source_product_id=2939624 status=ready item_id=4086 source_document_id=33330268 publish_action=inserted public_row_id=4028 error_code=- error_class=- retries=0
Full item source_product_id=3209635 status=ready item_id=4087 source_document_id=34805331 publish_action=inserted public_row_id=4029 error_code=- error_class=- retries=0
Full item source_product_id=3339897 status=ready item_id=4088 source_document_id=34384033 publish_action=inserted public_row_id=4030 error_code=- error_class=- retries=0
Full item source_product_id=2999490 status=ready item_id=4089 source_document_id=34989667 publish_action=inserted public_row_id=4031 error_code=- error_class=- retries=0
Full item source_product_id=2837878 status=ready item_id=4090 source_document_id=35228387 publish_action=inserted public_row_id=4032 error_code=- error_class=- retries=0
Full item source_product_id=2955703 status=ready item_id=4091 source_document_id=33754472 publish_action=inserted public_row_id=4033 error_code=- error_class=- retries=0
Full item source_product_id=3024575 status=ready item_id=4092 source_document_id=35449852 publish_action=inserted public_row_id=4034 error_code=- error_class=- retries=0
Full item source_product_id=1163426 status=ready item_id=4093 source_document_id=34551997 publish_action=inserted public_row_id=4035 error_code=- error_class=- retries=0
Full item source_product_id=1166655 status=ready item_id=4094 source_document_id=34401193 publish_action=inserted public_row_id=4036 error_code=- error_class=- retries=0
Full item source_product_id=1176964 status=ready item_id=4095 source_document_id=34352948 publish_action=inserted public_row_id=4037 error_code=- error_class=- retries=0
Full item source_product_id=1176974 status=ready item_id=4096 source_document_id=35345580 publish_action=inserted public_row_id=4038 error_code=- error_class=- retries=0
Full item source_product_id=1150545 status=ready item_id=4097 source_document_id=33929197 publish_action=inserted public_row_id=4039 error_code=- error_class=- retries=0
Full item source_product_id=1190475 status=ready item_id=4098 source_document_id=35234009 publish_action=inserted public_row_id=4040 error_code=- error_class=- retries=0
Full item source_product_id=1185156 status=ready item_id=4099 source_document_id=34688865 publish_action=inserted public_row_id=4041 error_code=- error_class=- retries=0
Full item source_product_id=1146097 status=ready item_id=4100 source_document_id=24650665 publish_action=inserted public_row_id=4042 error_code=- error_class=- retries=0
Full item source_product_id=1182688 status=ready item_id=4101 source_document_id=32376561 publish_action=inserted public_row_id=4043 error_code=- error_class=- retries=0
Full item source_product_id=1138007 status=ready item_id=4102 source_document_id=34890399 publish_action=inserted public_row_id=4044 error_code=- error_class=- retries=0
Full item source_product_id=1141976 status=ready item_id=4103 source_document_id=22671363 publish_action=inserted public_row_id=4045 error_code=- error_class=- retries=0
Full item source_product_id=1163679 status=ready item_id=4104 source_document_id=34858202 publish_action=inserted public_row_id=4046 error_code=- error_class=- retries=0
Full item source_product_id=1177233 status=failed item_id=4105 source_document_id=- publish_action=- public_row_id=- error_code=DocumentTextExtractionError error_class=permanent retries=0
Full item source_product_id=1178031 status=ready item_id=4106 source_document_id=34898031 publish_action=inserted public_row_id=4047 error_code=- error_class=- retries=0
Full item source_product_id=125734 status=ready item_id=4107 source_document_id=34578769 publish_action=inserted public_row_id=4048 error_code=- error_class=- retries=0
Full item source_product_id=1177453 status=ready item_id=4108 source_document_id=33572629 publish_action=inserted public_row_id=4049 error_code=- error_class=- retries=0
Full item source_product_id=1139302 status=ready item_id=4109 source_document_id=34846846 publish_action=inserted public_row_id=4050 error_code=- error_class=- retries=0
Full item source_product_id=1215733 status=ready item_id=4110 source_document_id=34741034 publish_action=inserted public_row_id=4051 error_code=- error_class=- retries=0
Full item source_product_id=1209682 status=ready item_id=4111 source_document_id=35129494 publish_action=inserted public_row_id=4052 error_code=- error_class=- retries=0
Full item source_product_id=1148527 status=ready item_id=4112 source_document_id=34561670 publish_action=inserted public_row_id=4053 error_code=- error_class=- retries=0
Full item source_product_id=1202714 status=ready item_id=4113 source_document_id=33126599 publish_action=inserted public_row_id=4054 error_code=- error_class=- retries=0
Full item source_product_id=832670 status=ready item_id=4114 source_document_id=35194783 publish_action=inserted public_row_id=4055 error_code=- error_class=- retries=0
Full item source_product_id=1139270 status=ready item_id=4115 source_document_id=35299198 publish_action=inserted public_row_id=4056 error_code=- error_class=- retries=0
Full item source_product_id=1130606 status=ready item_id=4116 source_document_id=34864277 publish_action=inserted public_row_id=4057 error_code=- error_class=- retries=0
Full item source_product_id=1174575 status=ready item_id=4117 source_document_id=34769004 publish_action=inserted public_row_id=4058 error_code=- error_class=- retries=0
Full item source_product_id=1158203 status=ready item_id=4118 source_document_id=34541720 publish_action=inserted public_row_id=4059 error_code=- error_class=- retries=0
Full item source_product_id=1114261 status=ready item_id=4119 source_document_id=35217319 publish_action=inserted public_row_id=4060 error_code=- error_class=- retries=0
Full item source_product_id=1154942 status=ready item_id=4120 source_document_id=34371966 publish_action=inserted public_row_id=4061 error_code=- error_class=- retries=0
Full item source_product_id=1142900 status=ready item_id=4121 source_document_id=35269497 publish_action=inserted public_row_id=4062 error_code=- error_class=- retries=0
Full item source_product_id=1119180 status=ready item_id=4122 source_document_id=35275916 publish_action=inserted public_row_id=4063 error_code=- error_class=- retries=0
Full item source_product_id=1167167 status=ready item_id=4123 source_document_id=34260459 publish_action=inserted public_row_id=4064 error_code=- error_class=- retries=0
Full item source_product_id=1110907 status=ready item_id=4124 source_document_id=34038902 publish_action=inserted public_row_id=4065 error_code=- error_class=- retries=0
Full item source_product_id=1141686 status=ready item_id=4125 source_document_id=34605694 publish_action=inserted public_row_id=4066 error_code=- error_class=- retries=0
Full item source_product_id=1157203 status=ready item_id=4126 source_document_id=35278929 publish_action=inserted public_row_id=4067 error_code=- error_class=- retries=0
Full item source_product_id=1140390 status=ready item_id=4127 source_document_id=34176868 publish_action=inserted public_row_id=4068 error_code=- error_class=- retries=0
Full item source_product_id=1179582 status=ready item_id=4128 source_document_id=35203540 publish_action=inserted public_row_id=4069 error_code=- error_class=- retries=0
Full item source_product_id=1119813 status=ready item_id=4129 source_document_id=35569028 publish_action=inserted public_row_id=4070 error_code=- error_class=- retries=0
Full item source_product_id=1145137 status=ready item_id=4130 source_document_id=35232021 publish_action=inserted public_row_id=4071 error_code=- error_class=- retries=0
Full item source_product_id=1149007 status=ready item_id=4131 source_document_id=34553685 publish_action=inserted public_row_id=4072 error_code=- error_class=- retries=0
Full item source_product_id=1152280 status=ready item_id=4132 source_document_id=34534163 publish_action=inserted public_row_id=4073 error_code=- error_class=- retries=0
Full item source_product_id=1151050 status=ready item_id=4133 source_document_id=33389552 publish_action=inserted public_row_id=4074 error_code=- error_class=- retries=0
Full item source_product_id=1129295 status=ready item_id=4134 source_document_id=29347526 publish_action=inserted public_row_id=4075 error_code=- error_class=- retries=0
Full item source_product_id=499421 status=ready item_id=4135 source_document_id=34591425 publish_action=inserted public_row_id=4076 error_code=- error_class=- retries=0
Full item source_product_id=1157550 status=ready item_id=4136 source_document_id=35552195 publish_action=inserted public_row_id=4077 error_code=- error_class=- retries=0
Full item source_product_id=1204514 status=ready item_id=4137 source_document_id=35206137 publish_action=inserted public_row_id=4078 error_code=- error_class=- retries=0
Full item source_product_id=1205896 status=ready item_id=4138 source_document_id=34725006 publish_action=inserted public_row_id=4079 error_code=- error_class=- retries=0
Full item source_product_id=1145625 status=ready item_id=4139 source_document_id=34275204 publish_action=inserted public_row_id=4080 error_code=- error_class=- retries=0
Full item source_product_id=743850 status=ready item_id=4140 source_document_id=35092332 publish_action=inserted public_row_id=4081 error_code=- error_class=- retries=0
Full item source_product_id=1274014 status=ready item_id=4141 source_document_id=34744073 publish_action=inserted public_row_id=4082 error_code=- error_class=- retries=0
Full item source_product_id=1251709 status=ready item_id=4142 source_document_id=30420611 publish_action=inserted public_row_id=4083 error_code=- error_class=- retries=0
Full item source_product_id=1300942 status=ready item_id=4143 source_document_id=33484192 publish_action=inserted public_row_id=4084 error_code=- error_class=- retries=0
Full item source_product_id=1244244 status=ready item_id=4144 source_document_id=35243640 publish_action=inserted public_row_id=4085 error_code=- error_class=- retries=0
Full item source_product_id=1248311 status=ready item_id=4145 source_document_id=35358107 publish_action=inserted public_row_id=4086 error_code=- error_class=- retries=0
Full item source_product_id=1249418 status=ready item_id=4146 source_document_id=34571227 publish_action=inserted public_row_id=4087 error_code=- error_class=- retries=0
Full item source_product_id=1234261 status=ready item_id=4147 source_document_id=34575884 publish_action=inserted public_row_id=4088 error_code=- error_class=- retries=0
Full item source_product_id=1316281 status=ready item_id=4148 source_document_id=33029812 publish_action=inserted public_row_id=4089 error_code=- error_class=- retries=0
Full item source_product_id=1247386 status=ready item_id=4149 source_document_id=34065810 publish_action=inserted public_row_id=4090 error_code=- error_class=- retries=0
Full item source_product_id=1209333 status=ready item_id=4150 source_document_id=32541723 publish_action=inserted public_row_id=4091 error_code=- error_class=- retries=0
Full item source_product_id=1231783 status=ready item_id=4151 source_document_id=35152451 publish_action=inserted public_row_id=4092 error_code=- error_class=- retries=0
Full item source_product_id=1233237 status=ready item_id=4152 source_document_id=35274430 publish_action=inserted public_row_id=4093 error_code=- error_class=- retries=0
Full item source_product_id=976904 status=ready item_id=4153 source_document_id=35238311 publish_action=inserted public_row_id=4094 error_code=- error_class=- retries=0
Full item source_product_id=1231801 status=ready item_id=4154 source_document_id=34481246 publish_action=inserted public_row_id=4095 error_code=- error_class=- retries=0
Full item source_product_id=1239348 status=ready item_id=4155 source_document_id=21215736 publish_action=inserted public_row_id=4096 error_code=- error_class=- retries=0
Full item source_product_id=1254316 status=ready item_id=4156 source_document_id=17605314 publish_action=inserted public_row_id=4097 error_code=- error_class=- retries=0
Full item source_product_id=1252341 status=ready item_id=4157 source_document_id=34581490 publish_action=inserted public_row_id=4098 error_code=- error_class=- retries=0
Full item source_product_id=1257175 status=ready item_id=4158 source_document_id=34518463 publish_action=inserted public_row_id=4099 error_code=- error_class=- retries=0
Full item source_product_id=1056443 status=ready item_id=4159 source_document_id=34585108 publish_action=inserted public_row_id=4100 error_code=- error_class=- retries=0
Full item source_product_id=1260997 status=ready item_id=4160 source_document_id=24173421 publish_action=inserted public_row_id=4101 error_code=- error_class=- retries=0
Full item source_product_id=1261306 status=ready item_id=4161 source_document_id=23645821 publish_action=inserted public_row_id=4102 error_code=- error_class=- retries=0
Full item source_product_id=1139137 status=ready item_id=4162 source_document_id=35139008 publish_action=inserted public_row_id=4103 error_code=- error_class=- retries=0
Full item source_product_id=1261312 status=ready item_id=4163 source_document_id=35229085 publish_action=inserted public_row_id=4104 error_code=- error_class=- retries=0
Full item source_product_id=1261528 status=ready item_id=4164 source_document_id=32989628 publish_action=inserted public_row_id=4105 error_code=- error_class=- retries=0
Full item source_product_id=1257718 status=ready item_id=4165 source_document_id=34549619 publish_action=inserted public_row_id=4106 error_code=- error_class=- retries=0
Full item source_product_id=1254362 status=ready item_id=4166 source_document_id=35085149 publish_action=inserted public_row_id=4107 error_code=- error_class=- retries=0
Full item source_product_id=1222182 status=ready item_id=4167 source_document_id=33547716 publish_action=inserted public_row_id=4108 error_code=- error_class=- retries=0
Full item source_product_id=1229870 status=ready item_id=4168 source_document_id=34892773 publish_action=inserted public_row_id=4109 error_code=- error_class=- retries=0
Full item source_product_id=1240984 status=ready item_id=4169 source_document_id=35102544 publish_action=inserted public_row_id=4110 error_code=- error_class=- retries=0
Full item source_product_id=891183 status=ready item_id=4170 source_document_id=32733440 publish_action=inserted public_row_id=4111 error_code=- error_class=- retries=0
Full item source_product_id=1082864 status=ready item_id=4171 source_document_id=34615768 publish_action=inserted public_row_id=4112 error_code=- error_class=- retries=0
{"auto_resume":false,"event":"sync_started","max_pages":1000,"max_product_retries":2,"max_products":10000,"mode":"full","page_size":null,"recover_failed_run_id":null,"requested_period_end":null,"requested_period_start":null,"resume_run_id":2,"service":"bulario-service","timestamp":"2026-09-22T15:04:48.204Z"}
{"auto_resume":false,"event":"sync_started","max_pages":1000,"max_product_retries":2,"max_products":10000,"mode":"full","page_size":null,"recover_failed_run_id":null,"requested_period_end":null,"requested_period_start":null,"resume_run_id":2,"service":"bulario-service","timestamp":"2026-09-22T19:59:26.494Z"}
{"error_message":"batch discovery paused after transient source failure: AnvisaTransientSourceError: ANVISA returned HTTP 500 path=/api/consulta/bulario page=450","error_type":"BatchIngestionError","event":"sync_failed","exit_code":2,"mode":"full","service":"bulario-service","timestamp":"2026-09-22T20:32:13.183Z"}
Full sync failed: batch discovery paused after transient source failure: AnvisaTransientSourceError: ANVISA returned HTTP 500 path=/api/consulta/bulario page=450
Browser session bootstrap: OK
Browser closed. Starting full sync...
{"auto_resume":false,"event":"sync_started","max_pages":20,"max_product_retries":2,"max_products":100,"mode":"full","page_size":null,"recover_failed_run_id":null,"requested_period_end":null,"requested_period_start":null,"resume_run_id":2,"service":"bulario-service","timestamp":"2026-09-22T20:41:38.349Z"}
{"checkpoint_page":459,"conflicts":0,"discovered":100,"duplicates":0,"duration_seconds":1557.37,"event":"sync_result","failed":2,"failed_by_class":{"permanent":2},"inserted":98,"mode":"full","pages_fetched":10,"period_end":"2026-09-21T23:59:59.999Z","period_start":"2000-01-01T00:00:00.000Z","processed":100,"published":98,"ready":98,"resumed":true,"retries":0,"run_id":2,"run_status":"paused","service":"bulario-service","skipped_terminal":0,"source_total_elements":8830,"start_page":450,"stopped_by_page_limit":false,"stopped_by_product_limit":true,"stopped_by_source_blocked":false,"timestamp":"2026-09-22T21:07:36.859Z","unchanged":0}
Browser session bootstrap: OK
Browser closed. Starting full sync...
Full sync: run_id=2 run_status=paused run_mode=full period_start=2000-01-01T00:00:00.000Z period_end=2026-09-21T23:59:59.999Z resumed=true start_page=450 last_completed_page=459 pages_fetched=10 source_total_elements=8830 discovered=100 duplicates=0 skipped_terminal=0 processed=100 ready=98 failed=2 retries=0 duration_seconds=1557.370 stopped_by_page_limit=false stopped_by_product_limit=true stopped_by_source_blocked=false
Full item source_product_id=1137150 status=ready item_id=4521 source_document_id=34804005 publish_action=inserted public_row_id=4450 error_code=- error_class=- retries=0
Full item source_product_id=1124928 status=ready item_id=4522 source_document_id=34317247 publish_action=inserted public_row_id=4451 error_code=- error_class=- retries=0
Full item source_product_id=1201165 status=ready item_id=4523 source_document_id=26090562 publish_action=inserted public_row_id=4452 error_code=- error_class=- retries=0
Full item source_product_id=1202694 status=ready item_id=4524 source_document_id=34830279 publish_action=inserted public_row_id=4453 error_code=- error_class=- retries=0
Full item source_product_id=1174612 status=ready item_id=4525 source_document_id=34323105 publish_action=inserted public_row_id=4454 error_code=- error_class=- retries=0
Full item source_product_id=736172 status=ready item_id=4526 source_document_id=34605948 publish_action=inserted public_row_id=4455 error_code=- error_class=- retries=0
Full item source_product_id=1243341 status=ready item_id=4527 source_document_id=34322993 publish_action=inserted public_row_id=4456 error_code=- error_class=- retries=0
Full item source_product_id=2743746 status=ready item_id=4528 source_document_id=34517860 publish_action=inserted public_row_id=4457 error_code=- error_class=- retries=0
Full item source_product_id=3503742 status=ready item_id=4529 source_document_id=34482993 publish_action=inserted public_row_id=4458 error_code=- error_class=- retries=0
Full item source_product_id=1124360 status=ready item_id=4530 source_document_id=35518177 publish_action=inserted public_row_id=4459 error_code=- error_class=- retries=0
Full item source_product_id=1210639 status=ready item_id=4531 source_document_id=34495711 publish_action=inserted public_row_id=4460 error_code=- error_class=- retries=0
Full item source_product_id=1155809 status=ready item_id=4532 source_document_id=35373737 publish_action=inserted public_row_id=4461 error_code=- error_class=- retries=0
Full item source_product_id=1164909 status=ready item_id=4533 source_document_id=35191513 publish_action=inserted public_row_id=4462 error_code=- error_class=- retries=0
Full item source_product_id=1157543 status=ready item_id=4534 source_document_id=34869759 publish_action=inserted public_row_id=4463 error_code=- error_class=- retries=0
Full item source_product_id=1208047 status=ready item_id=4535 source_document_id=32772681 publish_action=inserted public_row_id=4464 error_code=- error_class=- retries=0
Full item source_product_id=1209683 status=ready item_id=4536 source_document_id=33338133 publish_action=inserted public_row_id=4465 error_code=- error_class=- retries=0
Full item source_product_id=1121776 status=ready item_id=4537 source_document_id=35537669 publish_action=inserted public_row_id=4466 error_code=- error_class=- retries=0
Full item source_product_id=1151776 status=ready item_id=4538 source_document_id=29250178 publish_action=inserted public_row_id=4467 error_code=- error_class=- retries=0
Full item source_product_id=1152648 status=ready item_id=4539 source_document_id=34857912 publish_action=inserted public_row_id=4468 error_code=- error_class=- retries=0
Full item source_product_id=1133740 status=ready item_id=4540 source_document_id=34544807 publish_action=inserted public_row_id=4469 error_code=- error_class=- retries=0
Full item source_product_id=1151783 status=ready item_id=4541 source_document_id=34952470 publish_action=inserted public_row_id=4470 error_code=- error_class=- retries=0
Full item source_product_id=1151785 status=ready item_id=4542 source_document_id=34760012 publish_action=inserted public_row_id=4471 error_code=- error_class=- retries=0
Full item source_product_id=1206805 status=ready item_id=4543 source_document_id=34823958 publish_action=inserted public_row_id=4472 error_code=- error_class=- retries=0
Full item source_product_id=1171856 status=ready item_id=4544 source_document_id=33967876 publish_action=inserted public_row_id=4473 error_code=- error_class=- retries=0
Full item source_product_id=1167711 status=ready item_id=4545 source_document_id=34820352 publish_action=inserted public_row_id=4474 error_code=- error_class=- retries=0
Full item source_product_id=1153154 status=ready item_id=4546 source_document_id=35452057 publish_action=inserted public_row_id=4475 error_code=- error_class=- retries=0
Full item source_product_id=1176975 status=ready item_id=4547 source_document_id=35532224 publish_action=inserted public_row_id=4476 error_code=- error_class=- retries=0
Full item source_product_id=1285687 status=ready item_id=4548 source_document_id=34601158 publish_action=inserted public_row_id=4477 error_code=- error_class=- retries=0
Full item source_product_id=1261554 status=ready item_id=4549 source_document_id=34643417 publish_action=inserted public_row_id=4478 error_code=- error_class=- retries=0
Full item source_product_id=1262489 status=ready item_id=4550 source_document_id=35337413 publish_action=inserted public_row_id=4479 error_code=- error_class=- retries=0
Full item source_product_id=1228898 status=ready item_id=4551 source_document_id=34534094 publish_action=inserted public_row_id=4480 error_code=- error_class=- retries=0
Full item source_product_id=3567704 status=ready item_id=4552 source_document_id=35168561 publish_action=inserted public_row_id=4481 error_code=- error_class=- retries=0
Full item source_product_id=1259352 status=ready item_id=4553 source_document_id=24567679 publish_action=inserted public_row_id=4482 error_code=- error_class=- retries=0
Full item source_product_id=1225760 status=ready item_id=4554 source_document_id=31583667 publish_action=inserted public_row_id=4483 error_code=- error_class=- retries=0
Full item source_product_id=1162046 status=ready item_id=4555 source_document_id=34798116 publish_action=inserted public_row_id=4484 error_code=- error_class=- retries=0
Full item source_product_id=937875 status=ready item_id=4556 source_document_id=30442344 publish_action=inserted public_row_id=4485 error_code=- error_class=- retries=0
Full item source_product_id=1446489 status=ready item_id=4557 source_document_id=34889649 publish_action=inserted public_row_id=4486 error_code=- error_class=- retries=0
Full item source_product_id=1220493 status=ready item_id=4558 source_document_id=23936338 publish_action=inserted public_row_id=4487 error_code=- error_class=- retries=0
Full item source_product_id=1230231 status=ready item_id=4559 source_document_id=34591915 publish_action=inserted public_row_id=4488 error_code=- error_class=- retries=0
Full item source_product_id=1234246 status=ready item_id=4560 source_document_id=34918503 publish_action=inserted public_row_id=4489 error_code=- error_class=- retries=0
Full item source_product_id=1329308 status=ready item_id=4561 source_document_id=35551774 publish_action=inserted public_row_id=4490 error_code=- error_class=- retries=0
Full item source_product_id=1238471 status=ready item_id=4562 source_document_id=34925150 publish_action=inserted public_row_id=4491 error_code=- error_class=- retries=0
Full item source_product_id=1225969 status=ready item_id=4563 source_document_id=35162983 publish_action=inserted public_row_id=4492 error_code=- error_class=- retries=0
Full item source_product_id=1113306 status=ready item_id=4564 source_document_id=34989677 publish_action=inserted public_row_id=4493 error_code=- error_class=- retries=0
Full item source_product_id=1259055 status=ready item_id=4565 source_document_id=35230788 publish_action=inserted public_row_id=4494 error_code=- error_class=- retries=0
Full item source_product_id=1228126 status=ready item_id=4566 source_document_id=32101973 publish_action=inserted public_row_id=4495 error_code=- error_class=- retries=0
Full item source_product_id=1232159 status=ready item_id=4567 source_document_id=34806978 publish_action=inserted public_row_id=4496 error_code=- error_class=- retries=0
Full item source_product_id=1352492 status=ready item_id=4568 source_document_id=35191448 publish_action=inserted public_row_id=4497 error_code=- error_class=- retries=0
Full item source_product_id=1243301 status=ready item_id=4569 source_document_id=34833698 publish_action=inserted public_row_id=4498 error_code=- error_class=- retries=0
Full item source_product_id=1226598 status=ready item_id=4570 source_document_id=34858997 publish_action=inserted public_row_id=4499 error_code=- error_class=- retries=0
Full item source_product_id=1240976 status=ready item_id=4571 source_document_id=34939465 publish_action=inserted public_row_id=4500 error_code=- error_class=- retries=0
Full item source_product_id=1253185 status=ready item_id=4572 source_document_id=34324103 publish_action=inserted public_row_id=4501 error_code=- error_class=- retries=0
Full item source_product_id=1251719 status=ready item_id=4573 source_document_id=29641440 publish_action=inserted public_row_id=4502 error_code=- error_class=- retries=0
Full item source_product_id=1259310 status=ready item_id=4574 source_document_id=34851997 publish_action=inserted public_row_id=4503 error_code=- error_class=- retries=0
Full item source_product_id=1234931 status=ready item_id=4575 source_document_id=34876696 publish_action=inserted public_row_id=4504 error_code=- error_class=- retries=0
Full item source_product_id=3595511 status=ready item_id=4576 source_document_id=35090113 publish_action=inserted public_row_id=4505 error_code=- error_class=- retries=0
Full item source_product_id=1249417 status=ready item_id=4577 source_document_id=30658258 publish_action=inserted public_row_id=4506 error_code=- error_class=- retries=0
Full item source_product_id=1249419 status=ready item_id=4578 source_document_id=34571044 publish_action=inserted public_row_id=4507 error_code=- error_class=- retries=0
Full item source_product_id=1257191 status=ready item_id=4579 source_document_id=32738165 publish_action=inserted public_row_id=4508 error_code=- error_class=- retries=0
Full item source_product_id=1226797 status=ready item_id=4580 source_document_id=31963872 publish_action=inserted public_row_id=4509 error_code=- error_class=- retries=0
Full item source_product_id=1230984 status=ready item_id=4581 source_document_id=33567280 publish_action=inserted public_row_id=4510 error_code=- error_class=- retries=0
Full item source_product_id=3579532 status=ready item_id=4582 source_document_id=30357467 publish_action=inserted public_row_id=4511 error_code=- error_class=- retries=0
Full item source_product_id=1228313 status=ready item_id=4583 source_document_id=35139929 publish_action=inserted public_row_id=4512 error_code=- error_class=- retries=0
Full item source_product_id=1226183 status=ready item_id=4584 source_document_id=34182533 publish_action=inserted public_row_id=4513 error_code=- error_class=- retries=0
Full item source_product_id=1258596 status=ready item_id=4585 source_document_id=34594162 publish_action=inserted public_row_id=4514 error_code=- error_class=- retries=0
Full item source_product_id=1231279 status=ready item_id=4586 source_document_id=27313880 publish_action=inserted public_row_id=4515 error_code=- error_class=- retries=0
Full item source_product_id=1228292 status=ready item_id=4587 source_document_id=30495378 publish_action=inserted public_row_id=4516 error_code=- error_class=- retries=0
Full item source_product_id=1223908 status=ready item_id=4588 source_document_id=33104066 publish_action=inserted public_row_id=4517 error_code=- error_class=- retries=0
Full item source_product_id=1248638 status=ready item_id=4589 source_document_id=35203245 publish_action=inserted public_row_id=4518 error_code=- error_class=- retries=0
Full item source_product_id=1239388 status=ready item_id=4590 source_document_id=35243350 publish_action=inserted public_row_id=4519 error_code=- error_class=- retries=0
Full item source_product_id=1259549 status=ready item_id=4591 source_document_id=32630896 publish_action=inserted public_row_id=4520 error_code=- error_class=- retries=0
Full item source_product_id=1259834 status=ready item_id=4592 source_document_id=30563914 publish_action=inserted public_row_id=4521 error_code=- error_class=- retries=0
Full item source_product_id=1146584 status=ready item_id=4593 source_document_id=34553483 publish_action=inserted public_row_id=4522 error_code=- error_class=- retries=0
Full item source_product_id=1421158 status=ready item_id=4594 source_document_id=34560304 publish_action=inserted public_row_id=4523 error_code=- error_class=- retries=0
Full item source_product_id=1890217 status=ready item_id=4595 source_document_id=35220645 publish_action=inserted public_row_id=4524 error_code=- error_class=- retries=0
Full item source_product_id=1340992 status=ready item_id=4596 source_document_id=34499950 publish_action=inserted public_row_id=4525 error_code=- error_class=- retries=0
Full item source_product_id=1642767 status=ready item_id=4597 source_document_id=34824634 publish_action=inserted public_row_id=4526 error_code=- error_class=- retries=0
Full item source_product_id=1380762 status=ready item_id=4598 source_document_id=34513149 publish_action=inserted public_row_id=4527 error_code=- error_class=- retries=0
Full item source_product_id=1418675 status=ready item_id=4599 source_document_id=35229084 publish_action=inserted public_row_id=4528 error_code=- error_class=- retries=0
Full item source_product_id=2104604 status=ready item_id=4600 source_document_id=35540044 publish_action=inserted public_row_id=4529 error_code=- error_class=- retries=0
Full item source_product_id=1356915 status=ready item_id=4601 source_document_id=35180001 publish_action=inserted public_row_id=4530 error_code=- error_class=- retries=0
Full item source_product_id=971825 status=failed item_id=4602 source_document_id=- publish_action=- public_row_id=- error_code=AnvisaPermanentSourceError error_class=permanent retries=0
Full item source_product_id=3562741 status=ready item_id=4603 source_document_id=33741674 publish_action=inserted public_row_id=4531 error_code=- error_class=- retries=0
Full item source_product_id=1681608 status=ready item_id=4604 source_document_id=35210107 publish_action=inserted public_row_id=4532 error_code=- error_class=- retries=0
Full item source_product_id=1370120 status=ready item_id=4605 source_document_id=34730166 publish_action=inserted public_row_id=4533 error_code=- error_class=- retries=0
Full item source_product_id=1392503 status=ready item_id=4606 source_document_id=35342576 publish_action=inserted public_row_id=4534 error_code=- error_class=- retries=0
Full item source_product_id=1910009 status=ready item_id=4607 source_document_id=34934571 publish_action=inserted public_row_id=4535 error_code=- error_class=- retries=0
Full item source_product_id=1342424 status=failed item_id=4608 source_document_id=- publish_action=- public_row_id=- error_code=DocumentTextExtractionError error_class=permanent retries=0
Full item source_product_id=1409250 status=ready item_id=4609 source_document_id=28328409 publish_action=inserted public_row_id=4536 error_code=- error_class=- retries=0
Full item source_product_id=1379237 status=ready item_id=4610 source_document_id=29977693 publish_action=inserted public_row_id=4537 error_code=- error_class=- retries=0
Full item source_product_id=1377238 status=ready item_id=4611 source_document_id=35112211 publish_action=inserted public_row_id=4538 error_code=- error_class=- retries=0
Full item source_product_id=1505811 status=ready item_id=4612 source_document_id=35309570 publish_action=inserted public_row_id=4539 error_code=- error_class=- retries=0
Full item source_product_id=1562977 status=ready item_id=4613 source_document_id=34586620 publish_action=inserted public_row_id=4540 error_code=- error_class=- retries=0
Full item source_product_id=1342312 status=ready item_id=4614 source_document_id=34545696 publish_action=inserted public_row_id=4541 error_code=- error_class=- retries=0
Full item source_product_id=1354088 status=ready item_id=4615 source_document_id=34635990 publish_action=inserted public_row_id=4542 error_code=- error_class=- retries=0
Full item source_product_id=3608814 status=ready item_id=4616 source_document_id=34560610 publish_action=inserted public_row_id=4543 error_code=- error_class=- retries=0
Full item source_product_id=1350882 status=ready item_id=4617 source_document_id=35475836 publish_action=inserted public_row_id=4544 error_code=- error_class=- retries=0
Full item source_product_id=3005803 status=ready item_id=4618 source_document_id=35344487 publish_action=inserted public_row_id=4545 error_code=- error_class=- retries=0
Full item source_product_id=3008486 status=ready item_id=4619 source_document_id=35239289 publish_action=inserted public_row_id=4546 error_code=- error_class=- retries=0
Full item source_product_id=1395254 status=ready item_id=4620 source_document_id=34557828 publish_action=inserted public_row_id=4547 error_code=- error_class=- retries=0
{"auto_resume":false,"event":"sync_started","max_pages":1000,"max_product_retries":2,"max_products":10000,"mode":"full","page_size":null,"recover_failed_run_id":null,"requested_period_end":null,"requested_period_start":null,"resume_run_id":2,"service":"bulario-service","timestamp":"2026-09-22T21:20:55.215Z"}
{"error_message":"batch discovery paused after transient source failure: AnvisaTransientSourceError: ANVISA returned HTTP 429 path=/api/consulta/bulario page=638","error_type":"BatchIngestionError","event":"sync_failed","exit_code":2,"mode":"full","service":"bulario-service","timestamp":"2026-09-22T23:42:41.336Z"}
Full sync failed: batch discovery paused after transient source failure: AnvisaTransientSourceError: ANVISA returned HTTP 429 path=/api/consulta/bulario page=638
Browser session bootstrap: OK
Browser closed. Starting full sync...
{"auto_resume":false,"event":"sync_started","max_pages":1000,"max_product_retries":2,"max_products":10000,"mode":"full","page_size":null,"recover_failed_run_id":null,"requested_period_end":null,"requested_period_start":null,"resume_run_id":2,"service":"bulario-service","timestamp":"2026-09-23T00:15:09.721Z"}
{"error_message":"batch discovery paused after transient source failure: AnvisaTransientSourceError: ANVISA returned HTTP 429 path=/api/consulta/bulario page=690","error_type":"BatchIngestionError","event":"sync_failed","exit_code":2,"mode":"full","service":"bulario-service","timestamp":"2026-09-23T00:38:37.377Z"}
Full sync failed: batch discovery paused after transient source failure: AnvisaTransientSourceError: ANVISA returned HTTP 429 path=/api/consulta/bulario page=690
Browser session bootstrap: OK
Browser closed. Starting full sync...
{"auto_resume":false,"event":"sync_started","max_pages":1000,"max_product_retries":2,"max_products":10000,"mode":"full","page_size":null,"recover_failed_run_id":null,"requested_period_end":null,"requested_period_start":null,"resume_run_id":2,"service":"bulario-service","timestamp":"2026-09-23T01:00:28.788Z"}
{"error_message":"batch discovery paused after transient source failure: AnvisaTransientSourceError: ANVISA returned HTTP 429 path=/api/consulta/bulario page=710","error_type":"BatchIngestionError","event":"sync_failed","exit_code":2,"mode":"full","service":"bulario-service","timestamp":"2026-09-23T01:04:19.292Z"}
Full sync failed: batch discovery paused after transient source failure: AnvisaTransientSourceError: ANVISA returned HTTP 429 path=/api/consulta/bulario page=710
Browser session bootstrap: OK
Browser closed. Starting full sync...
{"auto_resume":false,"event":"sync_started","max_pages":1000,"max_product_retries":2,"max_products":10000,"mode":"full","page_size":null,"recover_failed_run_id":null,"requested_period_end":null,"requested_period_start":null,"resume_run_id":2,"service":"bulario-service","timestamp":"2026-09-23T15:42:21.873Z"}
{"error_message":"batch discovery paused after transient source failure: AnvisaTransientSourceError: ANVISA returned HTTP 429 path=/api/consulta/bulario page=726","error_type":"BatchIngestionError","event":"sync_failed","exit_code":2,"mode":"full","service":"bulario-service","timestamp":"2026-09-23T15:42:32.480Z"}
Full sync failed: batch discovery paused after transient source failure: AnvisaTransientSourceError: ANVISA returned HTTP 429 path=/api/consulta/bulario page=726
Browser session bootstrap: OK
Browser closed. Starting full sync...
{"auto_resume":false,"event":"sync_started","max_pages":1000,"max_product_retries":2,"max_products":10000,"mode":"full","page_size":null,"recover_failed_run_id":null,"requested_period_end":null,"requested_period_start":null,"resume_run_id":2,"service":"bulario-service","timestamp":"2026-09-23T15:48:00.763Z"}
{"error_message":"batch discovery paused after transient source failure: AnvisaTransientSourceError: ANVISA returned HTTP 429 path=/api/consulta/bulario page=742","error_type":"BatchIngestionError","event":"sync_failed","exit_code":2,"mode":"full","service":"bulario-service","timestamp":"2026-09-23T15:48:11.158Z"}
Full sync failed: batch discovery paused after transient source failure: AnvisaTransientSourceError: ANVISA returned HTTP 429 path=/api/consulta/bulario page=742
Browser session bootstrap: OK
Browser closed. Starting full sync...
{"auto_resume":false,"event":"sync_started","max_pages":1000,"max_product_retries":2,"max_products":10000,"mode":"full","page_size":null,"recover_failed_run_id":null,"requested_period_end":null,"requested_period_start":null,"resume_run_id":2,"service":"bulario-service","timestamp":"2026-09-23T16:50:36.456Z"}
{"checkpoint_page":883,"conflicts":0,"discovered":1414,"duplicates":0,"duration_seconds":7050.78,"event":"sync_result","failed":5,"failed_by_class":{"permanent":5},"inserted":575,"mode":"full","pages_fetched":142,"period_end":"2026-09-21T23:59:59.999Z","period_start":"2000-01-01T00:00:00.000Z","processed":580,"published":575,"ready":575,"resumed":true,"retries":5,"run_id":2,"run_status":"failed","service":"bulario-service","skipped_terminal":834,"source_total_elements":8824,"start_page":742,"stopped_by_page_limit":false,"stopped_by_product_limit":false,"stopped_by_source_blocked":false,"timestamp":"2026-09-23T18:48:08.397Z","unchanged":0}
Browser session bootstrap: OK
Browser closed. Starting full sync...
Full sync: run_id=2 run_status=failed run_mode=full period_start=2000-01-01T00:00:00.000Z period_end=2026-09-21T23:59:59.999Z resumed=true start_page=742 last_completed_page=883 pages_fetched=142 source_total_elements=8824 discovered=1414 duplicates=0 skipped_terminal=834 processed=580 ready=575 failed=5 retries=5 duration_seconds=7050.780 stopped_by_page_limit=false stopped_by_product_limit=false stopped_by_source_blocked=false
Full item source_product_id=466912 status=ready item_id=6021 source_document_id=11273973 publish_action=inserted public_row_id=5916 error_code=- error_class=- retries=0
Full item source_product_id=446343 status=ready item_id=6022 source_document_id=34183960 publish_action=inserted public_row_id=5917 error_code=- error_class=- retries=0
Full item source_product_id=468633 status=ready item_id=6023 source_document_id=32809984 publish_action=inserted public_row_id=5918 error_code=- error_class=- retries=0
Full item source_product_id=462451 status=ready item_id=6024 source_document_id=34544830 publish_action=inserted public_row_id=5919 error_code=- error_class=- retries=0
Full item source_product_id=466706 status=ready item_id=6025 source_document_id=33485096 publish_action=inserted public_row_id=5920 error_code=- error_class=- retries=0
Full item source_product_id=468739 status=ready item_id=6026 source_document_id=34393234 publish_action=inserted public_row_id=5921 error_code=- error_class=- retries=0
Full item source_product_id=468655 status=ready item_id=6027 source_document_id=33048982 publish_action=inserted public_row_id=5922 error_code=- error_class=- retries=0
Full item source_product_id=468623 status=ready item_id=6028 source_document_id=31769889 publish_action=inserted public_row_id=5923 error_code=- error_class=- retries=0
Full item source_product_id=466757 status=ready item_id=6029 source_document_id=35192399 publish_action=inserted public_row_id=5924 error_code=- error_class=- retries=0
Full item source_product_id=471183 status=ready item_id=6030 source_document_id=24421164 publish_action=inserted public_row_id=5925 error_code=- error_class=- retries=0
Full item source_product_id=469376 status=ready item_id=6031 source_document_id=34587621 publish_action=inserted public_row_id=5926 error_code=- error_class=- retries=0
Full item source_product_id=469871 status=ready item_id=6032 source_document_id=34924867 publish_action=inserted public_row_id=5927 error_code=- error_class=- retries=0
Full item source_product_id=470233 status=ready item_id=6033 source_document_id=34549643 publish_action=inserted public_row_id=5928 error_code=- error_class=- retries=1
Full item source_product_id=462554 status=ready item_id=6034 source_document_id=34585530 publish_action=inserted public_row_id=5929 error_code=- error_class=- retries=0
Full item source_product_id=538022 status=ready item_id=6035 source_document_id=34187942 publish_action=inserted public_row_id=5930 error_code=- error_class=- retries=1
Full item source_product_id=471639 status=ready item_id=6036 source_document_id=34397314 publish_action=inserted public_row_id=5931 error_code=- error_class=- retries=0
Full item source_product_id=470250 status=ready item_id=6037 source_document_id=33940069 publish_action=inserted public_row_id=5932 error_code=- error_class=- retries=0
Full item source_product_id=472634 status=ready item_id=6038 source_document_id=10892724 publish_action=inserted public_row_id=5933 error_code=- error_class=- retries=0
Full item source_product_id=471717 status=ready item_id=6039 source_document_id=35108707 publish_action=inserted public_row_id=5934 error_code=- error_class=- retries=0
Full item source_product_id=473570 status=ready item_id=6040 source_document_id=35108532 publish_action=inserted public_row_id=5935 error_code=- error_class=- retries=0
Full item source_product_id=449750 status=ready item_id=6041 source_document_id=34575724 publish_action=inserted public_row_id=5936 error_code=- error_class=- retries=0
Full item source_product_id=475939 status=ready item_id=6042 source_document_id=35153475 publish_action=inserted public_row_id=5937 error_code=- error_class=- retries=0
Full item source_product_id=476372 status=ready item_id=6043 source_document_id=33010790 publish_action=inserted public_row_id=5938 error_code=- error_class=- retries=0
Full item source_product_id=473775 status=ready item_id=6044 source_document_id=34885228 publish_action=inserted public_row_id=5939 error_code=- error_class=- retries=0
Full item source_product_id=482125 status=ready item_id=6045 source_document_id=24259328 publish_action=inserted public_row_id=5940 error_code=- error_class=- retries=0
Full item source_product_id=477948 status=ready item_id=6046 source_document_id=35026709 publish_action=inserted public_row_id=5941 error_code=- error_class=- retries=0
Full item source_product_id=475893 status=ready item_id=6047 source_document_id=22644819 publish_action=inserted public_row_id=5942 error_code=- error_class=- retries=0
Full item source_product_id=474971 status=ready item_id=6048 source_document_id=34807132 publish_action=inserted public_row_id=5943 error_code=- error_class=- retries=0
Full item source_product_id=474755 status=ready item_id=6049 source_document_id=35491937 publish_action=inserted public_row_id=5944 error_code=- error_class=- retries=0
Full item source_product_id=474845 status=ready item_id=6050 source_document_id=33982422 publish_action=inserted public_row_id=5945 error_code=- error_class=- retries=0
Full item source_product_id=468660 status=ready item_id=6051 source_document_id=33633644 publish_action=inserted public_row_id=5946 error_code=- error_class=- retries=0
Full item source_product_id=471563 status=ready item_id=6052 source_document_id=34568354 publish_action=inserted public_row_id=5947 error_code=- error_class=- retries=0
Full item source_product_id=486157 status=ready item_id=6053 source_document_id=33231958 publish_action=inserted public_row_id=5948 error_code=- error_class=- retries=0
Full item source_product_id=486160 status=ready item_id=6054 source_document_id=35203132 publish_action=inserted public_row_id=5949 error_code=- error_class=- retries=0
Full item source_product_id=485514 status=ready item_id=6055 source_document_id=24755060 publish_action=inserted public_row_id=5950 error_code=- error_class=- retries=0
Full item source_product_id=483084 status=ready item_id=6056 source_document_id=34869182 publish_action=inserted public_row_id=5951 error_code=- error_class=- retries=0
Full item source_product_id=466454 status=ready item_id=6057 source_document_id=34535541 publish_action=inserted public_row_id=5952 error_code=- error_class=- retries=0
Full item source_product_id=487008 status=ready item_id=6058 source_document_id=25459845 publish_action=inserted public_row_id=5953 error_code=- error_class=- retries=0
Full item source_product_id=487709 status=ready item_id=6059 source_document_id=35207346 publish_action=inserted public_row_id=5954 error_code=- error_class=- retries=0
Full item source_product_id=470641 status=ready item_id=6060 source_document_id=34473374 publish_action=inserted public_row_id=5955 error_code=- error_class=- retries=0
Full item source_product_id=486188 status=ready item_id=6061 source_document_id=34921841 publish_action=inserted public_row_id=5956 error_code=- error_class=- retries=0
Full item source_product_id=487854 status=ready item_id=6062 source_document_id=27265627 publish_action=inserted public_row_id=5957 error_code=- error_class=- retries=0
Full item source_product_id=487895 status=ready item_id=6063 source_document_id=35242135 publish_action=inserted public_row_id=5958 error_code=- error_class=- retries=0
Full item source_product_id=482270 status=ready item_id=6064 source_document_id=11284461 publish_action=inserted public_row_id=5959 error_code=- error_class=- retries=0
Full item source_product_id=486818 status=ready item_id=6065 source_document_id=34369947 publish_action=inserted public_row_id=5960 error_code=- error_class=- retries=0
Full item source_product_id=486909 status=ready item_id=6066 source_document_id=34740623 publish_action=inserted public_row_id=5961 error_code=- error_class=- retries=0
Full item source_product_id=489592 status=ready item_id=6067 source_document_id=17386433 publish_action=inserted public_row_id=5962 error_code=- error_class=- retries=0
Full item source_product_id=611372 status=ready item_id=6068 source_document_id=32472700 publish_action=inserted public_row_id=5963 error_code=- error_class=- retries=0
Full item source_product_id=490039 status=ready item_id=6069 source_document_id=34517364 publish_action=inserted public_row_id=5964 error_code=- error_class=- retries=0
Full item source_product_id=489398 status=ready item_id=6070 source_document_id=34340788 publish_action=inserted public_row_id=5965 error_code=- error_class=- retries=0
Full item source_product_id=487393 status=ready item_id=6071 source_document_id=34441199 publish_action=inserted public_row_id=5966 error_code=- error_class=- retries=0
Full item source_product_id=175168 status=ready item_id=6072 source_document_id=34662182 publish_action=inserted public_row_id=5967 error_code=- error_class=- retries=0
Full item source_product_id=526426 status=ready item_id=6073 source_document_id=35334154 publish_action=inserted public_row_id=5968 error_code=- error_class=- retries=0
Full item source_product_id=489324 status=ready item_id=6074 source_document_id=34442696 publish_action=inserted public_row_id=5969 error_code=- error_class=- retries=0
Full item source_product_id=489762 status=ready item_id=6075 source_document_id=33478572 publish_action=inserted public_row_id=5970 error_code=- error_class=- retries=0
Full item source_product_id=488105 status=ready item_id=6076 source_document_id=32568052 publish_action=inserted public_row_id=5971 error_code=- error_class=- retries=0
Full item source_product_id=488107 status=ready item_id=6077 source_document_id=27311160 publish_action=inserted public_row_id=5972 error_code=- error_class=- retries=0
Full item source_product_id=491251 status=ready item_id=6078 source_document_id=34775407 publish_action=inserted public_row_id=5973 error_code=- error_class=- retries=0
Full item source_product_id=491668 status=ready item_id=6079 source_document_id=10963577 publish_action=inserted public_row_id=5974 error_code=- error_class=- retries=0
Full item source_product_id=492501 status=ready item_id=6080 source_document_id=29437513 publish_action=inserted public_row_id=5975 error_code=- error_class=- retries=0
Full item source_product_id=660370 status=ready item_id=6081 source_document_id=34924581 publish_action=inserted public_row_id=5976 error_code=- error_class=- retries=0
Full item source_product_id=669809 status=ready item_id=6082 source_document_id=34653029 publish_action=inserted public_row_id=5977 error_code=- error_class=- retries=0
Full item source_product_id=676558 status=ready item_id=6083 source_document_id=20831774 publish_action=inserted public_row_id=5978 error_code=- error_class=- retries=0
Full item source_product_id=682966 status=ready item_id=6084 source_document_id=34127073 publish_action=inserted public_row_id=5979 error_code=- error_class=- retries=1
Full item source_product_id=169754 status=ready item_id=6085 source_document_id=34699821 publish_action=inserted public_row_id=5980 error_code=- error_class=- retries=0
Full item source_product_id=669139 status=ready item_id=6086 source_document_id=27434758 publish_action=inserted public_row_id=5981 error_code=- error_class=- retries=0
Full item source_product_id=3364 status=ready item_id=6087 source_document_id=33817172 publish_action=inserted public_row_id=5982 error_code=- error_class=- retries=0
Full item source_product_id=669137 status=ready item_id=6088 source_document_id=34797090 publish_action=inserted public_row_id=5983 error_code=- error_class=- retries=0
Full item source_product_id=680987 status=ready item_id=6089 source_document_id=34734857 publish_action=inserted public_row_id=5984 error_code=- error_class=- retries=0
Full item source_product_id=676839 status=ready item_id=6090 source_document_id=35414826 publish_action=inserted public_row_id=5985 error_code=- error_class=- retries=0
Full item source_product_id=1067425 status=ready item_id=6091 source_document_id=35243893 publish_action=inserted public_row_id=5986 error_code=- error_class=- retries=0
Full item source_product_id=626703 status=ready item_id=6092 source_document_id=32998304 publish_action=inserted public_row_id=5987 error_code=- error_class=- retries=0
Full item source_product_id=587027 status=ready item_id=6093 source_document_id=34579478 publish_action=inserted public_row_id=5988 error_code=- error_class=- retries=0
Full item source_product_id=613729 status=ready item_id=6094 source_document_id=34486073 publish_action=inserted public_row_id=5989 error_code=- error_class=- retries=0
Full item source_product_id=671752 status=ready item_id=6095 source_document_id=34823031 publish_action=inserted public_row_id=5990 error_code=- error_class=- retries=0
Full item source_product_id=675930 status=ready item_id=6096 source_document_id=34944699 publish_action=inserted public_row_id=5991 error_code=- error_class=- retries=0
Full item source_product_id=676290 status=ready item_id=6097 source_document_id=34429297 publish_action=inserted public_row_id=5992 error_code=- error_class=- retries=0
Full item source_product_id=680680 status=ready item_id=6098 source_document_id=34414382 publish_action=inserted public_row_id=5993 error_code=- error_class=- retries=0
Full item source_product_id=674692 status=ready item_id=6099 source_document_id=34761958 publish_action=inserted public_row_id=5994 error_code=- error_class=- retries=0
Full item source_product_id=3575722 status=ready item_id=6100 source_document_id=35366302 publish_action=inserted public_row_id=5995 error_code=- error_class=- retries=0
Full item source_product_id=3576493 status=ready item_id=6101 source_document_id=35562605 publish_action=inserted public_row_id=5996 error_code=- error_class=- retries=0
Full item source_product_id=675289 status=ready item_id=6102 source_document_id=34849925 publish_action=inserted public_row_id=5997 error_code=- error_class=- retries=0
Full item source_product_id=680957 status=ready item_id=6103 source_document_id=34734283 publish_action=inserted public_row_id=5998 error_code=- error_class=- retries=0
Full item source_product_id=673278 status=ready item_id=6104 source_document_id=35298793 publish_action=inserted public_row_id=5999 error_code=- error_class=- retries=0
Full item source_product_id=3595265 status=ready item_id=6105 source_document_id=35000018 publish_action=inserted public_row_id=6000 error_code=- error_class=- retries=0
Full item source_product_id=676328 status=ready item_id=6106 source_document_id=34559954 publish_action=inserted public_row_id=6001 error_code=- error_class=- retries=0
Full item source_product_id=669824 status=ready item_id=6107 source_document_id=17059354 publish_action=inserted public_row_id=6002 error_code=- error_class=- retries=0
Full item source_product_id=1357579 status=ready item_id=6108 source_document_id=35326389 publish_action=inserted public_row_id=6003 error_code=- error_class=- retries=0
Full item source_product_id=2723037 status=ready item_id=6109 source_document_id=35190709 publish_action=inserted public_row_id=6004 error_code=- error_class=- retries=0
Full item source_product_id=645776 status=ready item_id=6110 source_document_id=31676451 publish_action=inserted public_row_id=6005 error_code=- error_class=- retries=0
Full item source_product_id=671611 status=ready item_id=6111 source_document_id=33743636 publish_action=inserted public_row_id=6006 error_code=- error_class=- retries=0
Full item source_product_id=685601 status=ready item_id=6112 source_document_id=35221681 publish_action=inserted public_row_id=6007 error_code=- error_class=- retries=0
Full item source_product_id=3565671 status=ready item_id=6113 source_document_id=34686844 publish_action=inserted public_row_id=6008 error_code=- error_class=- retries=0
Full item source_product_id=664971 status=ready item_id=6114 source_document_id=34252293 publish_action=inserted public_row_id=6009 error_code=- error_class=- retries=0
Full item source_product_id=140878 status=ready item_id=6115 source_document_id=34813291 publish_action=inserted public_row_id=6010 error_code=- error_class=- retries=0
Full item source_product_id=683972 status=ready item_id=6116 source_document_id=17942754 publish_action=inserted public_row_id=6011 error_code=- error_class=- retries=0
Full item source_product_id=666926 status=ready item_id=6117 source_document_id=35439384 publish_action=inserted public_row_id=6012 error_code=- error_class=- retries=0
Full item source_product_id=685694 status=ready item_id=6118 source_document_id=35204492 publish_action=inserted public_row_id=6013 error_code=- error_class=- retries=0
Full item source_product_id=680064 status=ready item_id=6119 source_document_id=34545490 publish_action=inserted public_row_id=6014 error_code=- error_class=- retries=0
Full item source_product_id=644446 status=ready item_id=6120 source_document_id=34936175 publish_action=inserted public_row_id=6015 error_code=- error_class=- retries=0
Full item source_product_id=686493 status=ready item_id=6121 source_document_id=34585624 publish_action=inserted public_row_id=6016 error_code=- error_class=- retries=0
Full item source_product_id=664978 status=ready item_id=6122 source_document_id=34258301 publish_action=inserted public_row_id=6017 error_code=- error_class=- retries=0
Full item source_product_id=676509 status=ready item_id=6123 source_document_id=34699260 publish_action=inserted public_row_id=6018 error_code=- error_class=- retries=0
Full item source_product_id=656586 status=ready item_id=6124 source_document_id=34833778 publish_action=inserted public_row_id=6019 error_code=- error_class=- retries=0
Full item source_product_id=3565242 status=ready item_id=6125 source_document_id=34892468 publish_action=inserted public_row_id=6020 error_code=- error_class=- retries=0
Full item source_product_id=675928 status=ready item_id=6126 source_document_id=32945967 publish_action=inserted public_row_id=6021 error_code=- error_class=- retries=0
Full item source_product_id=677885 status=ready item_id=6127 source_document_id=34618491 publish_action=inserted public_row_id=6022 error_code=- error_class=- retries=0
Full item source_product_id=640987 status=ready item_id=6128 source_document_id=34443649 publish_action=inserted public_row_id=6023 error_code=- error_class=- retries=0
Full item source_product_id=1041140 status=ready item_id=6129 source_document_id=29654758 publish_action=inserted public_row_id=6024 error_code=- error_class=- retries=0
Full item source_product_id=1084548 status=ready item_id=6130 source_document_id=30055933 publish_action=inserted public_row_id=6025 error_code=- error_class=- retries=0
Full item source_product_id=736769 status=ready item_id=6131 source_document_id=17193613 publish_action=inserted public_row_id=6026 error_code=- error_class=- retries=0
Full item source_product_id=1106825 status=ready item_id=6132 source_document_id=33145350 publish_action=inserted public_row_id=6027 error_code=- error_class=- retries=0
Full item source_product_id=1109397 status=ready item_id=6133 source_document_id=34349614 publish_action=inserted public_row_id=6028 error_code=- error_class=- retries=0
Full item source_product_id=951666 status=ready item_id=6134 source_document_id=35493136 publish_action=inserted public_row_id=6029 error_code=- error_class=- retries=0
Full item source_product_id=1104282 status=ready item_id=6135 source_document_id=35083651 publish_action=inserted public_row_id=6030 error_code=- error_class=- retries=0
Full item source_product_id=1114671 status=ready item_id=6136 source_document_id=34989366 publish_action=inserted public_row_id=6031 error_code=- error_class=- retries=0
Full item source_product_id=1072822 status=ready item_id=6137 source_document_id=25587013 publish_action=inserted public_row_id=6032 error_code=- error_class=- retries=0
Full item source_product_id=1106413 status=ready item_id=6138 source_document_id=35123551 publish_action=inserted public_row_id=6033 error_code=- error_class=- retries=0
Full item source_product_id=847982 status=ready item_id=6139 source_document_id=30230733 publish_action=inserted public_row_id=6034 error_code=- error_class=- retries=0
Full item source_product_id=1081412 status=ready item_id=6140 source_document_id=17571742 publish_action=inserted public_row_id=6035 error_code=- error_class=- retries=0
Full item source_product_id=1078365 status=ready item_id=6141 source_document_id=16934171 publish_action=inserted public_row_id=6036 error_code=- error_class=- retries=0
Full item source_product_id=1040920 status=ready item_id=6142 source_document_id=35231935 publish_action=inserted public_row_id=6037 error_code=- error_class=- retries=0
Full item source_product_id=633084 status=ready item_id=6143 source_document_id=35137981 publish_action=inserted public_row_id=6038 error_code=- error_class=- retries=0
Full item source_product_id=746115 status=ready item_id=6144 source_document_id=35206454 publish_action=inserted public_row_id=6039 error_code=- error_class=- retries=0
Full item source_product_id=444457 status=ready item_id=6145 source_document_id=34513037 publish_action=inserted public_row_id=6040 error_code=- error_class=- retries=0
Full item source_product_id=1105951 status=ready item_id=6146 source_document_id=34570579 publish_action=inserted public_row_id=6041 error_code=- error_class=- retries=0
Full item source_product_id=1113690 status=ready item_id=6147 source_document_id=34951619 publish_action=inserted public_row_id=6042 error_code=- error_class=- retries=0
Full item source_product_id=1062944 status=ready item_id=6148 source_document_id=34664405 publish_action=inserted public_row_id=6043 error_code=- error_class=- retries=0
Full item source_product_id=1084196 status=ready item_id=6149 source_document_id=34989889 publish_action=inserted public_row_id=6044 error_code=- error_class=- retries=0
Full item source_product_id=1062479 status=ready item_id=6150 source_document_id=35403921 publish_action=inserted public_row_id=6045 error_code=- error_class=- retries=0
Full item source_product_id=973165 status=ready item_id=6151 source_document_id=34636723 publish_action=inserted public_row_id=6046 error_code=- error_class=- retries=0
Full item source_product_id=1112560 status=ready item_id=6152 source_document_id=35379861 publish_action=inserted public_row_id=6047 error_code=- error_class=- retries=0
Full item source_product_id=3623836 status=ready item_id=6153 source_document_id=30740015 publish_action=inserted public_row_id=6048 error_code=- error_class=- retries=0
Full item source_product_id=1093263 status=ready item_id=6154 source_document_id=35220492 publish_action=inserted public_row_id=6049 error_code=- error_class=- retries=0
Full item source_product_id=1109396 status=ready item_id=6155 source_document_id=34735821 publish_action=inserted public_row_id=6050 error_code=- error_class=- retries=0
Full item source_product_id=1000828 status=ready item_id=6156 source_document_id=34601164 publish_action=inserted public_row_id=6051 error_code=- error_class=- retries=0
Full item source_product_id=1058650 status=ready item_id=6157 source_document_id=34514251 publish_action=inserted public_row_id=6052 error_code=- error_class=- retries=0
Full item source_product_id=1063791 status=ready item_id=6158 source_document_id=28571227 publish_action=inserted public_row_id=6053 error_code=- error_class=- retries=0
Full item source_product_id=1095626 status=ready item_id=6159 source_document_id=35142415 publish_action=inserted public_row_id=6054 error_code=- error_class=- retries=0
Full item source_product_id=1111345 status=ready item_id=6160 source_document_id=34907189 publish_action=inserted public_row_id=6055 error_code=- error_class=- retries=0
Full item source_product_id=1038409 status=ready item_id=6161 source_document_id=35234139 publish_action=inserted public_row_id=6056 error_code=- error_class=- retries=0
Full item source_product_id=1070072 status=ready item_id=6162 source_document_id=18352174 publish_action=inserted public_row_id=6057 error_code=- error_class=- retries=0
Full item source_product_id=1076131 status=ready item_id=6163 source_document_id=35308716 publish_action=inserted public_row_id=6058 error_code=- error_class=- retries=0
Full item source_product_id=1113539 status=ready item_id=6164 source_document_id=35154158 publish_action=inserted public_row_id=6059 error_code=- error_class=- retries=0
Full item source_product_id=1117072 status=ready item_id=6165 source_document_id=34908428 publish_action=inserted public_row_id=6060 error_code=- error_class=- retries=0
Full item source_product_id=1058121 status=ready item_id=6166 source_document_id=30006170 publish_action=inserted public_row_id=6061 error_code=- error_class=- retries=0
Full item source_product_id=1064221 status=ready item_id=6167 source_document_id=35266089 publish_action=inserted public_row_id=6062 error_code=- error_class=- retries=0
Full item source_product_id=1265733 status=ready item_id=6168 source_document_id=35394572 publish_action=inserted public_row_id=6063 error_code=- error_class=- retries=0
Full item source_product_id=1265737 status=ready item_id=6169 source_document_id=17215916 publish_action=inserted public_row_id=6064 error_code=- error_class=- retries=0
Full item source_product_id=1061871 status=ready item_id=6170 source_document_id=32751527 publish_action=inserted public_row_id=6065 error_code=- error_class=- retries=0
Full item source_product_id=1073606 status=ready item_id=6171 source_document_id=34480788 publish_action=inserted public_row_id=6066 error_code=- error_class=- retries=0
Full item source_product_id=3572322 status=ready item_id=6172 source_document_id=34925094 publish_action=inserted public_row_id=6067 error_code=- error_class=- retries=0
Full item source_product_id=1064039 status=ready item_id=6173 source_document_id=34604458 publish_action=inserted public_row_id=6068 error_code=- error_class=- retries=0
Full item source_product_id=1087954 status=ready item_id=6174 source_document_id=35221146 publish_action=inserted public_row_id=6069 error_code=- error_class=- retries=0
Full item source_product_id=1105939 status=ready item_id=6175 source_document_id=35006623 publish_action=inserted public_row_id=6070 error_code=- error_class=- retries=0
Full item source_product_id=491983 status=failed item_id=6176 source_document_id=- publish_action=- public_row_id=- error_code=DocumentTextExtractionError error_class=permanent retries=0
Full item source_product_id=492150 status=ready item_id=6177 source_document_id=34889664 publish_action=inserted public_row_id=6071 error_code=- error_class=- retries=0
Full item source_product_id=492492 status=ready item_id=6178 source_document_id=34653187 publish_action=inserted public_row_id=6072 error_code=- error_class=- retries=0
Full item source_product_id=493628 status=ready item_id=6179 source_document_id=33223278 publish_action=inserted public_row_id=6073 error_code=- error_class=- retries=0
Full item source_product_id=494699 status=ready item_id=6180 source_document_id=34872274 publish_action=inserted public_row_id=6074 error_code=- error_class=- retries=0
Full item source_product_id=493820 status=ready item_id=6181 source_document_id=34975548 publish_action=inserted public_row_id=6075 error_code=- error_class=- retries=0
Full item source_product_id=495056 status=ready item_id=6182 source_document_id=35078355 publish_action=inserted public_row_id=6076 error_code=- error_class=- retries=0
Full item source_product_id=486583 status=ready item_id=6183 source_document_id=33634711 publish_action=inserted public_row_id=6077 error_code=- error_class=- retries=0
Full item source_product_id=495806 status=ready item_id=6184 source_document_id=35509680 publish_action=inserted public_row_id=6078 error_code=- error_class=- retries=0
Full item source_product_id=141082 status=ready item_id=6185 source_document_id=34126800 publish_action=inserted public_row_id=6079 error_code=- error_class=- retries=0
Full item source_product_id=468616 status=ready item_id=6186 source_document_id=12521835 publish_action=inserted public_row_id=6080 error_code=- error_class=- retries=0
Full item source_product_id=559546 status=ready item_id=6187 source_document_id=34551003 publish_action=inserted public_row_id=6081 error_code=- error_class=- retries=0
Full item source_product_id=487714 status=ready item_id=6188 source_document_id=35207474 publish_action=inserted public_row_id=6082 error_code=- error_class=- retries=0
Full item source_product_id=488796 status=ready item_id=6189 source_document_id=35246277 publish_action=inserted public_row_id=6083 error_code=- error_class=- retries=0
Full item source_product_id=487718 status=ready item_id=6190 source_document_id=29066989 publish_action=inserted public_row_id=6084 error_code=- error_class=- retries=0
Full item source_product_id=497415 status=ready item_id=6191 source_document_id=32354625 publish_action=inserted public_row_id=6085 error_code=- error_class=- retries=0
Full item source_product_id=495541 status=ready item_id=6192 source_document_id=34620692 publish_action=inserted public_row_id=6086 error_code=- error_class=- retries=0
Full item source_product_id=513240 status=ready item_id=6193 source_document_id=34605789 publish_action=inserted public_row_id=6087 error_code=- error_class=- retries=0
Full item source_product_id=490946 status=ready item_id=6194 source_document_id=34539533 publish_action=inserted public_row_id=6088 error_code=- error_class=- retries=0
Full item source_product_id=505521 status=ready item_id=6195 source_document_id=34591838 publish_action=inserted public_row_id=6089 error_code=- error_class=- retries=0
Full item source_product_id=506143 status=ready item_id=6196 source_document_id=35441120 publish_action=inserted public_row_id=6090 error_code=- error_class=- retries=0
Full item source_product_id=498725 status=ready item_id=6197 source_document_id=34462834 publish_action=inserted public_row_id=6091 error_code=- error_class=- retries=0
Full item source_product_id=495135 status=ready item_id=6198 source_document_id=32053037 publish_action=inserted public_row_id=6092 error_code=- error_class=- retries=0
Full item source_product_id=505639 status=ready item_id=6199 source_document_id=33379229 publish_action=inserted public_row_id=6093 error_code=- error_class=- retries=0
Full item source_product_id=499331 status=ready item_id=6200 source_document_id=35207614 publish_action=inserted public_row_id=6094 error_code=- error_class=- retries=0
Full item source_product_id=499750 status=failed item_id=6201 source_document_id=- publish_action=- public_row_id=- error_code=AnvisaPermanentSourceError error_class=permanent retries=0
Full item source_product_id=1277 status=ready item_id=6202 source_document_id=34576459 publish_action=inserted public_row_id=6095 error_code=- error_class=- retries=0
Full item source_product_id=503807 status=ready item_id=6203 source_document_id=35159748 publish_action=inserted public_row_id=6096 error_code=- error_class=- retries=0
Full item source_product_id=502018 status=ready item_id=6204 source_document_id=33729625 publish_action=inserted public_row_id=6097 error_code=- error_class=- retries=0
Full item source_product_id=499217 status=ready item_id=6205 source_document_id=34992244 publish_action=inserted public_row_id=6098 error_code=- error_class=- retries=0
Full item source_product_id=489907 status=ready item_id=6206 source_document_id=34006000 publish_action=inserted public_row_id=6099 error_code=- error_class=- retries=0
Full item source_product_id=502215 status=ready item_id=6207 source_document_id=32600709 publish_action=inserted public_row_id=6100 error_code=- error_class=- retries=0
Full item source_product_id=496076 status=ready item_id=6208 source_document_id=34791618 publish_action=inserted public_row_id=6101 error_code=- error_class=- retries=0
Full item source_product_id=495345 status=ready item_id=6209 source_document_id=35520404 publish_action=inserted public_row_id=6102 error_code=- error_class=- retries=0
Full item source_product_id=494068 status=ready item_id=6210 source_document_id=35217478 publish_action=inserted public_row_id=6103 error_code=- error_class=- retries=0
Full item source_product_id=502262 status=ready item_id=6211 source_document_id=32195112 publish_action=inserted public_row_id=6104 error_code=- error_class=- retries=0
Full item source_product_id=496123 status=ready item_id=6212 source_document_id=31216334 publish_action=inserted public_row_id=6105 error_code=- error_class=- retries=0
Full item source_product_id=500825 status=ready item_id=6213 source_document_id=24618600 publish_action=inserted public_row_id=6106 error_code=- error_class=- retries=0
Full item source_product_id=496465 status=ready item_id=6214 source_document_id=34018289 publish_action=inserted public_row_id=6107 error_code=- error_class=- retries=0
Full item source_product_id=504017 status=ready item_id=6215 source_document_id=28455607 publish_action=inserted public_row_id=6108 error_code=- error_class=- retries=0
Full item source_product_id=496202 status=ready item_id=6216 source_document_id=32350030 publish_action=inserted public_row_id=6109 error_code=- error_class=- retries=0
Full item source_product_id=496209 status=ready item_id=6217 source_document_id=35039051 publish_action=inserted public_row_id=6110 error_code=- error_class=- retries=0
Full item source_product_id=3251 status=ready item_id=6218 source_document_id=33788882 publish_action=inserted public_row_id=6111 error_code=- error_class=- retries=0
Full item source_product_id=500474 status=ready item_id=6219 source_document_id=17981557 publish_action=inserted public_row_id=6112 error_code=- error_class=- retries=0
Full item source_product_id=497605 status=ready item_id=6220 source_document_id=33684281 publish_action=inserted public_row_id=6113 error_code=- error_class=- retries=0
Full item source_product_id=498223 status=ready item_id=6221 source_document_id=20579116 publish_action=inserted public_row_id=6114 error_code=- error_class=- retries=0
Full item source_product_id=510396 status=ready item_id=6222 source_document_id=32914253 publish_action=inserted public_row_id=6115 error_code=- error_class=- retries=0
Full item source_product_id=510466 status=ready item_id=6223 source_document_id=22473921 publish_action=inserted public_row_id=6116 error_code=- error_class=- retries=0
Full item source_product_id=3578642 status=ready item_id=6224 source_document_id=34052647 publish_action=inserted public_row_id=6117 error_code=- error_class=- retries=0
Full item source_product_id=3557856 status=ready item_id=6225 source_document_id=35543080 publish_action=inserted public_row_id=6118 error_code=- error_class=- retries=0
Full item source_product_id=504396 status=ready item_id=6226 source_document_id=34442515 publish_action=inserted public_row_id=6119 error_code=- error_class=- retries=0
Full item source_product_id=681297 status=ready item_id=6227 source_document_id=34513894 publish_action=inserted public_row_id=6120 error_code=- error_class=- retries=0
Full item source_product_id=626856 status=ready item_id=6228 source_document_id=35212793 publish_action=inserted public_row_id=6121 error_code=- error_class=- retries=0
Full item source_product_id=670802 status=ready item_id=6229 source_document_id=33836514 publish_action=inserted public_row_id=6122 error_code=- error_class=- retries=0
Full item source_product_id=680950 status=ready item_id=6230 source_document_id=17655032 publish_action=inserted public_row_id=6123 error_code=- error_class=- retries=0
Full item source_product_id=676330 status=ready item_id=6231 source_document_id=34578490 publish_action=inserted public_row_id=6124 error_code=- error_class=- retries=0
Full item source_product_id=3655280 status=ready item_id=6232 source_document_id=35139099 publish_action=inserted public_row_id=6125 error_code=- error_class=- retries=0
Full item source_product_id=683291 status=ready item_id=6233 source_document_id=35168462 publish_action=inserted public_row_id=6126 error_code=- error_class=- retries=0
Full item source_product_id=126070 status=ready item_id=6234 source_document_id=24436554 publish_action=inserted public_row_id=6127 error_code=- error_class=- retries=0
Full item source_product_id=670016 status=ready item_id=6235 source_document_id=34809357 publish_action=inserted public_row_id=6128 error_code=- error_class=- retries=0
Full item source_product_id=695469 status=ready item_id=6236 source_document_id=16905300 publish_action=inserted public_row_id=6129 error_code=- error_class=- retries=0
Full item source_product_id=679809 status=ready item_id=6237 source_document_id=33772625 publish_action=inserted public_row_id=6130 error_code=- error_class=- retries=0
Full item source_product_id=692215 status=ready item_id=6238 source_document_id=35217141 publish_action=inserted public_row_id=6131 error_code=- error_class=- retries=0
Full item source_product_id=671607 status=ready item_id=6239 source_document_id=34394655 publish_action=inserted public_row_id=6132 error_code=- error_class=- retries=0
Full item source_product_id=273679 status=ready item_id=6240 source_document_id=31252539 publish_action=inserted public_row_id=6133 error_code=- error_class=- retries=0
Full item source_product_id=671751 status=ready item_id=6241 source_document_id=34823734 publish_action=inserted public_row_id=6134 error_code=- error_class=- retries=0
Full item source_product_id=680428 status=ready item_id=6242 source_document_id=28743209 publish_action=inserted public_row_id=6135 error_code=- error_class=- retries=0
Full item source_product_id=668251 status=ready item_id=6243 source_document_id=34177703 publish_action=inserted public_row_id=6136 error_code=- error_class=- retries=0
Full item source_product_id=680956 status=ready item_id=6244 source_document_id=34730246 publish_action=inserted public_row_id=6137 error_code=- error_class=- retries=0
Full item source_product_id=684010 status=ready item_id=6245 source_document_id=35236709 publish_action=inserted public_row_id=6138 error_code=- error_class=- retries=0
Full item source_product_id=612527 status=ready item_id=6246 source_document_id=34570253 publish_action=inserted public_row_id=6139 error_code=- error_class=- retries=0
Full item source_product_id=668260 status=ready item_id=6247 source_document_id=34708985 publish_action=inserted public_row_id=6140 error_code=- error_class=- retries=0
Full item source_product_id=670024 status=ready item_id=6248 source_document_id=34156834 publish_action=inserted public_row_id=6141 error_code=- error_class=- retries=0
Full item source_product_id=615823 status=ready item_id=6249 source_document_id=35227994 publish_action=inserted public_row_id=6142 error_code=- error_class=- retries=0
Full item source_product_id=692316 status=ready item_id=6250 source_document_id=34255371 publish_action=inserted public_row_id=6143 error_code=- error_class=- retries=0
Full item source_product_id=374571 status=ready item_id=6251 source_document_id=10659242 publish_action=inserted public_row_id=6144 error_code=- error_class=- retries=0
Full item source_product_id=711351 status=failed item_id=6252 source_document_id=- publish_action=- public_row_id=- error_code=DocumentTextExtractionError error_class=permanent retries=0
Full item source_product_id=668758 status=ready item_id=6253 source_document_id=34854561 publish_action=inserted public_row_id=6145 error_code=- error_class=- retries=0
Full item source_product_id=697750 status=ready item_id=6254 source_document_id=34513607 publish_action=inserted public_row_id=6146 error_code=- error_class=- retries=0
Full item source_product_id=700796 status=ready item_id=6255 source_document_id=34880122 publish_action=inserted public_row_id=6147 error_code=- error_class=- retries=0
Full item source_product_id=3650557 status=ready item_id=6256 source_document_id=35229129 publish_action=inserted public_row_id=6148 error_code=- error_class=- retries=0
Full item source_product_id=702713 status=ready item_id=6257 source_document_id=24519652 publish_action=inserted public_row_id=6149 error_code=- error_class=- retries=0
Full item source_product_id=695987 status=ready item_id=6258 source_document_id=34257760 publish_action=inserted public_row_id=6150 error_code=- error_class=- retries=0
Full item source_product_id=695794 status=ready item_id=6259 source_document_id=34655378 publish_action=inserted public_row_id=6151 error_code=- error_class=- retries=0
Full item source_product_id=707371 status=ready item_id=6260 source_document_id=34720344 publish_action=inserted public_row_id=6152 error_code=- error_class=- retries=0
Full item source_product_id=699686 status=ready item_id=6261 source_document_id=34572149 publish_action=inserted public_row_id=6153 error_code=- error_class=- retries=0
Full item source_product_id=696273 status=ready item_id=6262 source_document_id=17000154 publish_action=inserted public_row_id=6154 error_code=- error_class=- retries=0
Full item source_product_id=585960 status=failed item_id=6263 source_document_id=- publish_action=- public_row_id=- error_code=AnvisaPermanentSourceError error_class=permanent retries=0
Full item source_product_id=702456 status=ready item_id=6264 source_document_id=34300706 publish_action=inserted public_row_id=6155 error_code=- error_class=- retries=0
Full item source_product_id=674709 status=ready item_id=6265 source_document_id=35283237 publish_action=inserted public_row_id=6156 error_code=- error_class=- retries=0
Full item source_product_id=685825 status=ready item_id=6266 source_document_id=33104967 publish_action=inserted public_row_id=6157 error_code=- error_class=- retries=0
Full item source_product_id=653098 status=ready item_id=6267 source_document_id=35444616 publish_action=inserted public_row_id=6158 error_code=- error_class=- retries=0
Full item source_product_id=720295 status=ready item_id=6268 source_document_id=34552936 publish_action=inserted public_row_id=6159 error_code=- error_class=- retries=0
Full item source_product_id=707078 status=ready item_id=6269 source_document_id=34814440 publish_action=inserted public_row_id=6160 error_code=- error_class=- retries=0
Full item source_product_id=702894 status=ready item_id=6270 source_document_id=34414918 publish_action=inserted public_row_id=6161 error_code=- error_class=- retries=0
Full item source_product_id=1056188 status=ready item_id=6271 source_document_id=32742526 publish_action=inserted public_row_id=6162 error_code=- error_class=- retries=0
Full item source_product_id=1059116 status=ready item_id=6272 source_document_id=34411466 publish_action=inserted public_row_id=6163 error_code=- error_class=- retries=1
Full item source_product_id=1064615 status=ready item_id=6273 source_document_id=17133715 publish_action=inserted public_row_id=6164 error_code=- error_class=- retries=0
Full item source_product_id=1067109 status=ready item_id=6274 source_document_id=35049938 publish_action=inserted public_row_id=6165 error_code=- error_class=- retries=0
Full item source_product_id=1067619 status=ready item_id=6275 source_document_id=34371120 publish_action=inserted public_row_id=6166 error_code=- error_class=- retries=0
Full item source_product_id=728867 status=ready item_id=6276 source_document_id=34526784 publish_action=inserted public_row_id=6167 error_code=- error_class=- retries=0
Full item source_product_id=3603947 status=ready item_id=6277 source_document_id=35191093 publish_action=inserted public_row_id=6168 error_code=- error_class=- retries=0
Full item source_product_id=1043736 status=ready item_id=6278 source_document_id=34874518 publish_action=inserted public_row_id=6169 error_code=- error_class=- retries=0
Full item source_product_id=882998 status=ready item_id=6279 source_document_id=34680982 publish_action=inserted public_row_id=6170 error_code=- error_class=- retries=0
Full item source_product_id=924962 status=ready item_id=6280 source_document_id=35344403 publish_action=inserted public_row_id=6171 error_code=- error_class=- retries=0
Full item source_product_id=736757 status=ready item_id=6281 source_document_id=35222996 publish_action=inserted public_row_id=6172 error_code=- error_class=- retries=0
Full item source_product_id=3615187 status=ready item_id=6282 source_document_id=35015381 publish_action=inserted public_row_id=6173 error_code=- error_class=- retries=0
Full item source_product_id=1113104 status=ready item_id=6283 source_document_id=34677472 publish_action=inserted public_row_id=6174 error_code=- error_class=- retries=0
Full item source_product_id=1124923 status=ready item_id=6284 source_document_id=23675941 publish_action=inserted public_row_id=6175 error_code=- error_class=- retries=0
Full item source_product_id=1091631 status=ready item_id=6285 source_document_id=35191353 publish_action=inserted public_row_id=6176 error_code=- error_class=- retries=0
Full item source_product_id=1073597 status=ready item_id=6286 source_document_id=34513509 publish_action=inserted public_row_id=6177 error_code=- error_class=- retries=0
Full item source_product_id=1058988 status=ready item_id=6287 source_document_id=35447484 publish_action=inserted public_row_id=6178 error_code=- error_class=- retries=0
Full item source_product_id=1043739 status=ready item_id=6288 source_document_id=34892731 publish_action=inserted public_row_id=6179 error_code=- error_class=- retries=0
Full item source_product_id=1078441 status=ready item_id=6289 source_document_id=34567084 publish_action=inserted public_row_id=6180 error_code=- error_class=- retries=0
Full item source_product_id=1085943 status=ready item_id=6290 source_document_id=24466910 publish_action=inserted public_row_id=6181 error_code=- error_class=- retries=0
Full item source_product_id=1116526 status=ready item_id=6291 source_document_id=34573225 publish_action=inserted public_row_id=6182 error_code=- error_class=- retries=0
Full item source_product_id=1116527 status=ready item_id=6292 source_document_id=34552857 publish_action=inserted public_row_id=6183 error_code=- error_class=- retries=0
Full item source_product_id=879969 status=ready item_id=6293 source_document_id=24507994 publish_action=inserted public_row_id=6184 error_code=- error_class=- retries=0
Full item source_product_id=1081084 status=ready item_id=6294 source_document_id=16895092 publish_action=inserted public_row_id=6185 error_code=- error_class=- retries=0
Full item source_product_id=1106591 status=ready item_id=6295 source_document_id=34589257 publish_action=inserted public_row_id=6186 error_code=- error_class=- retries=0
Full item source_product_id=1110914 status=ready item_id=6296 source_document_id=35089876 publish_action=inserted public_row_id=6187 error_code=- error_class=- retries=0
Full item source_product_id=1096314 status=ready item_id=6297 source_document_id=16336248 publish_action=inserted public_row_id=6188 error_code=- error_class=- retries=0
Full item source_product_id=1114907 status=ready item_id=6298 source_document_id=34677421 publish_action=inserted public_row_id=6189 error_code=- error_class=- retries=0
Full item source_product_id=973461 status=ready item_id=6299 source_document_id=35154573 publish_action=inserted public_row_id=6190 error_code=- error_class=- retries=0
Full item source_product_id=845745 status=ready item_id=6300 source_document_id=33509643 publish_action=inserted public_row_id=6191 error_code=- error_class=- retries=0
Full item source_product_id=350187 status=failed item_id=6301 source_document_id=- publish_action=- public_row_id=- error_code=DocumentTextExtractionError error_class=permanent retries=0
Full item source_product_id=1110584 status=ready item_id=6302 source_document_id=35123619 publish_action=inserted public_row_id=6192 error_code=- error_class=- retries=0
Full item source_product_id=1115406 status=ready item_id=6303 source_document_id=35212995 publish_action=inserted public_row_id=6193 error_code=- error_class=- retries=0
Full item source_product_id=1056730 status=ready item_id=6304 source_document_id=34132382 publish_action=inserted public_row_id=6194 error_code=- error_class=- retries=0
Full item source_product_id=1033957 status=ready item_id=6305 source_document_id=32351793 publish_action=inserted public_row_id=6195 error_code=- error_class=- retries=0
Full item source_product_id=1040934 status=ready item_id=6306 source_document_id=35557190 publish_action=inserted public_row_id=6196 error_code=- error_class=- retries=0
Full item source_product_id=1040935 status=ready item_id=6307 source_document_id=35558088 publish_action=inserted public_row_id=6197 error_code=- error_class=- retries=0
Full item source_product_id=1040936 status=ready item_id=6308 source_document_id=35558109 publish_action=inserted public_row_id=6198 error_code=- error_class=- retries=0
Full item source_product_id=1040937 status=ready item_id=6309 source_document_id=35557153 publish_action=inserted public_row_id=6199 error_code=- error_class=- retries=0
Full item source_product_id=1041051 status=ready item_id=6310 source_document_id=20036002 publish_action=inserted public_row_id=6200 error_code=- error_class=- retries=0
Full item source_product_id=1074776 status=ready item_id=6311 source_document_id=35226907 publish_action=inserted public_row_id=6201 error_code=- error_class=- retries=0
Full item source_product_id=999143 status=ready item_id=6312 source_document_id=34604050 publish_action=inserted public_row_id=6202 error_code=- error_class=- retries=0
Full item source_product_id=859235 status=ready item_id=6313 source_document_id=34618363 publish_action=inserted public_row_id=6203 error_code=- error_class=- retries=0
Full item source_product_id=1061786 status=ready item_id=6314 source_document_id=30578259 publish_action=inserted public_row_id=6204 error_code=- error_class=- retries=0
Full item source_product_id=1097885 status=ready item_id=6315 source_document_id=33407069 publish_action=inserted public_row_id=6205 error_code=- error_class=- retries=0
Full item source_product_id=1112556 status=ready item_id=6316 source_document_id=17114805 publish_action=inserted public_row_id=6206 error_code=- error_class=- retries=0
Full item source_product_id=1071738 status=ready item_id=6317 source_document_id=34791032 publish_action=inserted public_row_id=6207 error_code=- error_class=- retries=0
Full item source_product_id=511432 status=ready item_id=6318 source_document_id=34921774 publish_action=inserted public_row_id=6208 error_code=- error_class=- retries=0
Full item source_product_id=511786 status=ready item_id=6319 source_document_id=33378769 publish_action=inserted public_row_id=6209 error_code=- error_class=- retries=0
Full item source_product_id=510678 status=ready item_id=6320 source_document_id=22474141 publish_action=inserted public_row_id=6210 error_code=- error_class=- retries=0
Full item source_product_id=509465 status=ready item_id=6321 source_document_id=35111140 publish_action=inserted public_row_id=6211 error_code=- error_class=- retries=0
Full item source_product_id=510926 status=ready item_id=6322 source_document_id=33421973 publish_action=inserted public_row_id=6212 error_code=- error_class=- retries=0
Full item source_product_id=501776 status=ready item_id=6323 source_document_id=34587642 publish_action=inserted public_row_id=6213 error_code=- error_class=- retries=0
Full item source_product_id=513213 status=ready item_id=6324 source_document_id=12247699 publish_action=inserted public_row_id=6214 error_code=- error_class=- retries=0
Full item source_product_id=513441 status=ready item_id=6325 source_document_id=16658633 publish_action=inserted public_row_id=6215 error_code=- error_class=- retries=0
Full item source_product_id=506846 status=ready item_id=6326 source_document_id=34588791 publish_action=inserted public_row_id=6216 error_code=- error_class=- retries=0
Full item source_product_id=512968 status=ready item_id=6327 source_document_id=35192505 publish_action=inserted public_row_id=6217 error_code=- error_class=- retries=0
Full item source_product_id=514663 status=ready item_id=6328 source_document_id=32941194 publish_action=inserted public_row_id=6218 error_code=- error_class=- retries=0
Full item source_product_id=514664 status=ready item_id=6329 source_document_id=29783543 publish_action=inserted public_row_id=6219 error_code=- error_class=- retries=0
Full item source_product_id=508136 status=ready item_id=6330 source_document_id=35169631 publish_action=inserted public_row_id=6220 error_code=- error_class=- retries=0
Full item source_product_id=513908 status=ready item_id=6331 source_document_id=33064762 publish_action=inserted public_row_id=6221 error_code=- error_class=- retries=0
Full item source_product_id=280899 status=ready item_id=6332 source_document_id=29090138 publish_action=inserted public_row_id=6222 error_code=- error_class=- retries=0
Full item source_product_id=501667 status=ready item_id=6333 source_document_id=35228248 publish_action=inserted public_row_id=6223 error_code=- error_class=- retries=0
Full item source_product_id=504234 status=ready item_id=6334 source_document_id=34740657 publish_action=inserted public_row_id=6224 error_code=- error_class=- retries=0
Full item source_product_id=511602 status=ready item_id=6335 source_document_id=34613941 publish_action=inserted public_row_id=6225 error_code=- error_class=- retries=0
Full item source_product_id=504881 status=ready item_id=6336 source_document_id=34317966 publish_action=inserted public_row_id=6226 error_code=- error_class=- retries=0
Full item source_product_id=511426 status=ready item_id=6337 source_document_id=34636755 publish_action=inserted public_row_id=6227 error_code=- error_class=- retries=0
Full item source_product_id=526674 status=ready item_id=6338 source_document_id=34345484 publish_action=inserted public_row_id=6228 error_code=- error_class=- retries=0
Full item source_product_id=526673 status=ready item_id=6339 source_document_id=34715927 publish_action=inserted public_row_id=6229 error_code=- error_class=- retries=0
Full item source_product_id=514042 status=ready item_id=6340 source_document_id=24570451 publish_action=inserted public_row_id=6230 error_code=- error_class=- retries=0
Full item source_product_id=513902 status=ready item_id=6341 source_document_id=35188915 publish_action=inserted public_row_id=6231 error_code=- error_class=- retries=0
Full item source_product_id=506601 status=ready item_id=6342 source_document_id=35337171 publish_action=inserted public_row_id=6232 error_code=- error_class=- retries=0
Full item source_product_id=519880 status=ready item_id=6343 source_document_id=24198938 publish_action=inserted public_row_id=6233 error_code=- error_class=- retries=0
Full item source_product_id=515711 status=ready item_id=6344 source_document_id=35425170 publish_action=inserted public_row_id=6234 error_code=- error_class=- retries=0
Full item source_product_id=575975 status=ready item_id=6345 source_document_id=34501329 publish_action=inserted public_row_id=6235 error_code=- error_class=- retries=0
Full item source_product_id=501218 status=ready item_id=6346 source_document_id=34284751 publish_action=inserted public_row_id=6236 error_code=- error_class=- retries=0
Full item source_product_id=488215 status=ready item_id=6347 source_document_id=32892082 publish_action=inserted public_row_id=6237 error_code=- error_class=- retries=0
Full item source_product_id=521527 status=ready item_id=6348 source_document_id=35117859 publish_action=inserted public_row_id=6238 error_code=- error_class=- retries=0
Full item source_product_id=519204 status=ready item_id=6349 source_document_id=24615669 publish_action=inserted public_row_id=6239 error_code=- error_class=- retries=0
Full item source_product_id=390056 status=ready item_id=6350 source_document_id=35176995 publish_action=inserted public_row_id=6240 error_code=- error_class=- retries=0
Full item source_product_id=520115 status=ready item_id=6351 source_document_id=23718710 publish_action=inserted public_row_id=6241 error_code=- error_class=- retries=0
Full item source_product_id=514317 status=ready item_id=6352 source_document_id=13399648 publish_action=inserted public_row_id=6242 error_code=- error_class=- retries=0
Full item source_product_id=440895 status=ready item_id=6353 source_document_id=34889809 publish_action=inserted public_row_id=6243 error_code=- error_class=- retries=0
Full item source_product_id=490088 status=ready item_id=6354 source_document_id=34777072 publish_action=inserted public_row_id=6244 error_code=- error_class=- retries=0
Full item source_product_id=513210 status=ready item_id=6355 source_document_id=12246245 publish_action=inserted public_row_id=6245 error_code=- error_class=- retries=0
Full item source_product_id=520597 status=ready item_id=6356 source_document_id=35197470 publish_action=inserted public_row_id=6246 error_code=- error_class=- retries=0
Full item source_product_id=520604 status=ready item_id=6357 source_document_id=32516403 publish_action=inserted public_row_id=6247 error_code=- error_class=- retries=0
Full item source_product_id=513426 status=ready item_id=6358 source_document_id=34970176 publish_action=inserted public_row_id=6248 error_code=- error_class=- retries=0
Full item source_product_id=524474 status=ready item_id=6359 source_document_id=33029920 publish_action=inserted public_row_id=6249 error_code=- error_class=- retries=0
Full item source_product_id=348270 status=ready item_id=6360 source_document_id=35223426 publish_action=inserted public_row_id=6250 error_code=- error_class=- retries=0
Full item source_product_id=533863 status=ready item_id=6361 source_document_id=34880061 publish_action=inserted public_row_id=6251 error_code=- error_class=- retries=0
Full item source_product_id=521073 status=ready item_id=6362 source_document_id=15311616 publish_action=inserted public_row_id=6252 error_code=- error_class=- retries=0
Full item source_product_id=510368 status=ready item_id=6363 source_document_id=30183992 publish_action=inserted public_row_id=6253 error_code=- error_class=- retries=0
Full item source_product_id=521483 status=ready item_id=6364 source_document_id=35193753 publish_action=inserted public_row_id=6254 error_code=- error_class=- retries=0
Full item source_product_id=699685 status=ready item_id=6365 source_document_id=34212506 publish_action=inserted public_row_id=6255 error_code=- error_class=- retries=0
Full item source_product_id=711734 status=ready item_id=6366 source_document_id=34605845 publish_action=inserted public_row_id=6256 error_code=- error_class=- retries=0
Full item source_product_id=688633 status=ready item_id=6367 source_document_id=34556122 publish_action=inserted public_row_id=6257 error_code=- error_class=- retries=0
Full item source_product_id=685444 status=ready item_id=6368 source_document_id=34522809 publish_action=inserted public_row_id=6258 error_code=- error_class=- retries=0
Full item source_product_id=3558211 status=ready item_id=6369 source_document_id=34567235 publish_action=inserted public_row_id=6259 error_code=- error_class=- retries=0
Full item source_product_id=688936 status=ready item_id=6370 source_document_id=33267178 publish_action=inserted public_row_id=6260 error_code=- error_class=- retries=0
Full item source_product_id=700097 status=ready item_id=6371 source_document_id=34564954 publish_action=inserted public_row_id=6261 error_code=- error_class=- retries=0
Full item source_product_id=3605796 status=ready item_id=6372 source_document_id=34446839 publish_action=inserted public_row_id=6262 error_code=- error_class=- retries=0
Full item source_product_id=3601816 status=ready item_id=6373 source_document_id=35319892 publish_action=inserted public_row_id=6263 error_code=- error_class=- retries=0
Full item source_product_id=702087 status=ready item_id=6374 source_document_id=34552846 publish_action=inserted public_row_id=6264 error_code=- error_class=- retries=0
Full item source_product_id=684508 status=ready item_id=6375 source_document_id=23936332 publish_action=inserted public_row_id=6265 error_code=- error_class=- retries=0
Full item source_product_id=690059 status=ready item_id=6376 source_document_id=32112844 publish_action=inserted public_row_id=6266 error_code=- error_class=- retries=0
Full item source_product_id=688461 status=ready item_id=6377 source_document_id=35188843 publish_action=inserted public_row_id=6267 error_code=- error_class=- retries=0
Full item source_product_id=709861 status=ready item_id=6378 source_document_id=35169610 publish_action=inserted public_row_id=6268 error_code=- error_class=- retries=0
Full item source_product_id=710439 status=ready item_id=6379 source_document_id=32953931 publish_action=inserted public_row_id=6269 error_code=- error_class=- retries=0
Full item source_product_id=1463976 status=ready item_id=6380 source_document_id=35521462 publish_action=inserted public_row_id=6270 error_code=- error_class=- retries=0
Full item source_product_id=687560 status=ready item_id=6381 source_document_id=34350335 publish_action=inserted public_row_id=6271 error_code=- error_class=- retries=0
Full item source_product_id=708601 status=ready item_id=6382 source_document_id=34720879 publish_action=inserted public_row_id=6272 error_code=- error_class=- retries=0
Full item source_product_id=589597 status=ready item_id=6383 source_document_id=34601721 publish_action=inserted public_row_id=6273 error_code=- error_class=- retries=0
Full item source_product_id=700833 status=ready item_id=6384 source_document_id=35148849 publish_action=inserted public_row_id=6274 error_code=- error_class=- retries=0
Full item source_product_id=409066 status=ready item_id=6385 source_document_id=34537535 publish_action=inserted public_row_id=6275 error_code=- error_class=- retries=0
Full item source_product_id=274140 status=ready item_id=6386 source_document_id=32927187 publish_action=inserted public_row_id=6276 error_code=- error_class=- retries=0
Full item source_product_id=695810 status=ready item_id=6387 source_document_id=28100120 publish_action=inserted public_row_id=6277 error_code=- error_class=- retries=0
Full item source_product_id=704630 status=ready item_id=6388 source_document_id=35369226 publish_action=inserted public_row_id=6278 error_code=- error_class=- retries=0
Full item source_product_id=693584 status=ready item_id=6389 source_document_id=33673270 publish_action=inserted public_row_id=6279 error_code=- error_class=- retries=0
Full item source_product_id=687118 status=ready item_id=6390 source_document_id=34496233 publish_action=inserted public_row_id=6280 error_code=- error_class=- retries=0
Full item source_product_id=838881 status=ready item_id=6391 source_document_id=34362766 publish_action=inserted public_row_id=6281 error_code=- error_class=- retries=0
Full item source_product_id=7413 status=ready item_id=6392 source_document_id=33567240 publish_action=inserted public_row_id=6282 error_code=- error_class=- retries=0
Full item source_product_id=710478 status=ready item_id=6393 source_document_id=35073005 publish_action=inserted public_row_id=6283 error_code=- error_class=- retries=0
Full item source_product_id=373816 status=ready item_id=6394 source_document_id=34559837 publish_action=inserted public_row_id=6284 error_code=- error_class=- retries=0
Full item source_product_id=702129 status=ready item_id=6395 source_document_id=34564963 publish_action=inserted public_row_id=6285 error_code=- error_class=- retries=0
Full item source_product_id=699746 status=ready item_id=6396 source_document_id=34786002 publish_action=inserted public_row_id=6286 error_code=- error_class=- retries=0
Full item source_product_id=585526 status=ready item_id=6397 source_document_id=34754147 publish_action=inserted public_row_id=6287 error_code=- error_class=- retries=0
Full item source_product_id=705167 status=ready item_id=6398 source_document_id=35349133 publish_action=inserted public_row_id=6288 error_code=- error_class=- retries=0
Full item source_product_id=403589 status=ready item_id=6399 source_document_id=32842575 publish_action=inserted public_row_id=6289 error_code=- error_class=- retries=0
Full item source_product_id=671763 status=ready item_id=6400 source_document_id=35016557 publish_action=inserted public_row_id=6290 error_code=- error_class=- retries=1
Full item source_product_id=706498 status=ready item_id=6401 source_document_id=35029150 publish_action=inserted public_row_id=6291 error_code=- error_class=- retries=0
Full item source_product_id=2873 status=ready item_id=6402 source_document_id=34859966 publish_action=inserted public_row_id=6292 error_code=- error_class=- retries=0
Full item source_product_id=592928 status=ready item_id=6403 source_document_id=29983156 publish_action=inserted public_row_id=6293 error_code=- error_class=- retries=0
Full item source_product_id=716511 status=ready item_id=6404 source_document_id=34605770 publish_action=inserted public_row_id=6294 error_code=- error_class=- retries=0
Full item source_product_id=716447 status=ready item_id=6405 source_document_id=24354117 publish_action=inserted public_row_id=6295 error_code=- error_class=- retries=0
Full item source_product_id=959 status=ready item_id=6406 source_document_id=35255336 publish_action=inserted public_row_id=6296 error_code=- error_class=- retries=0
Full item source_product_id=680949 status=ready item_id=6407 source_document_id=31485789 publish_action=inserted public_row_id=6297 error_code=- error_class=- retries=0
Full item source_product_id=402059 status=ready item_id=6408 source_document_id=17619694 publish_action=inserted public_row_id=6298 error_code=- error_class=- retries=0
Full item source_product_id=1236187 status=ready item_id=6409 source_document_id=34591877 publish_action=inserted public_row_id=6299 error_code=- error_class=- retries=0
Full item source_product_id=722488 status=ready item_id=6410 source_document_id=35359975 publish_action=inserted public_row_id=6300 error_code=- error_class=- retries=0
Full item source_product_id=698523 status=ready item_id=6411 source_document_id=34606984 publish_action=inserted public_row_id=6301 error_code=- error_class=- retries=0
Full item source_product_id=518149 status=ready item_id=6412 source_document_id=31504376 publish_action=inserted public_row_id=6302 error_code=- error_class=- retries=0
Full item source_product_id=1056163 status=ready item_id=6413 source_document_id=30215291 publish_action=inserted public_row_id=6303 error_code=- error_class=- retries=0
Full item source_product_id=957180 status=ready item_id=6414 source_document_id=29437768 publish_action=inserted public_row_id=6304 error_code=- error_class=- retries=0
Full item source_product_id=1081484 status=ready item_id=6415 source_document_id=34680219 publish_action=inserted public_row_id=6305 error_code=- error_class=- retries=0
Full item source_product_id=1093728 status=ready item_id=6416 source_document_id=17576157 publish_action=inserted public_row_id=6306 error_code=- error_class=- retries=0
Full item source_product_id=1076702 status=ready item_id=6417 source_document_id=29015113 publish_action=inserted public_row_id=6307 error_code=- error_class=- retries=0
Full item source_product_id=1072083 status=ready item_id=6418 source_document_id=34510115 publish_action=inserted public_row_id=6308 error_code=- error_class=- retries=0
Full item source_product_id=1087953 status=ready item_id=6419 source_document_id=35027165 publish_action=inserted public_row_id=6309 error_code=- error_class=- retries=0
Full item source_product_id=1085775 status=ready item_id=6420 source_document_id=34592576 publish_action=inserted public_row_id=6310 error_code=- error_class=- retries=0
Full item source_product_id=1095427 status=ready item_id=6421 source_document_id=34343853 publish_action=inserted public_row_id=6311 error_code=- error_class=- retries=0
Full item source_product_id=1095148 status=ready item_id=6422 source_document_id=34555977 publish_action=inserted public_row_id=6312 error_code=- error_class=- retries=0
Full item source_product_id=1086322 status=ready item_id=6423 source_document_id=34735588 publish_action=inserted public_row_id=6313 error_code=- error_class=- retries=0
Full item source_product_id=1075514 status=ready item_id=6424 source_document_id=34657568 publish_action=inserted public_row_id=6314 error_code=- error_class=- retries=0
Full item source_product_id=1087265 status=ready item_id=6425 source_document_id=35579998 publish_action=inserted public_row_id=6315 error_code=- error_class=- retries=0
Full item source_product_id=805812 status=ready item_id=6426 source_document_id=35179706 publish_action=inserted public_row_id=6316 error_code=- error_class=- retries=0
Full item source_product_id=780517 status=ready item_id=6427 source_document_id=25787419 publish_action=inserted public_row_id=6317 error_code=- error_class=- retries=0
Full item source_product_id=1067954 status=ready item_id=6428 source_document_id=33695066 publish_action=inserted public_row_id=6318 error_code=- error_class=- retries=0
Full item source_product_id=1092429 status=ready item_id=6429 source_document_id=34557025 publish_action=inserted public_row_id=6319 error_code=- error_class=- retries=0
Full item source_product_id=804272 status=ready item_id=6430 source_document_id=35076259 publish_action=inserted public_row_id=6320 error_code=- error_class=- retries=0
Full item source_product_id=3636569 status=ready item_id=6431 source_document_id=34992050 publish_action=inserted public_row_id=6321 error_code=- error_class=- retries=0
Full item source_product_id=3616464 status=ready item_id=6432 source_document_id=30840012 publish_action=inserted public_row_id=6322 error_code=- error_class=- retries=0
Full item source_product_id=1059132 status=ready item_id=6433 source_document_id=31129346 publish_action=inserted public_row_id=6323 error_code=- error_class=- retries=0
Full item source_product_id=684683 status=ready item_id=6434 source_document_id=35138071 publish_action=inserted public_row_id=6324 error_code=- error_class=- retries=0
Full item source_product_id=1077012 status=ready item_id=6435 source_document_id=34260551 publish_action=inserted public_row_id=6325 error_code=- error_class=- retries=0
Full item source_product_id=1069169 status=ready item_id=6436 source_document_id=35190699 publish_action=inserted public_row_id=6326 error_code=- error_class=- retries=0
Full item source_product_id=1064089 status=ready item_id=6437 source_document_id=34882912 publish_action=inserted public_row_id=6327 error_code=- error_class=- retries=0
Full item source_product_id=3829 status=ready item_id=6438 source_document_id=34989737 publish_action=inserted public_row_id=6328 error_code=- error_class=- retries=0
Full item source_product_id=1053673 status=ready item_id=6439 source_document_id=35152608 publish_action=inserted public_row_id=6329 error_code=- error_class=- retries=0
Full item source_product_id=1070046 status=ready item_id=6440 source_document_id=34371198 publish_action=inserted public_row_id=6330 error_code=- error_class=- retries=0
Full item source_product_id=1085269 status=ready item_id=6441 source_document_id=15121912 publish_action=inserted public_row_id=6331 error_code=- error_class=- retries=0
Full item source_product_id=787413 status=ready item_id=6442 source_document_id=29783882 publish_action=inserted public_row_id=6332 error_code=- error_class=- retries=0
Full item source_product_id=1092775 status=ready item_id=6443 source_document_id=34494687 publish_action=inserted public_row_id=6333 error_code=- error_class=- retries=0
Full item source_product_id=1037632 status=ready item_id=6444 source_document_id=34578713 publish_action=inserted public_row_id=6334 error_code=- error_class=- retries=0
Full item source_product_id=1054420 status=ready item_id=6445 source_document_id=35066004 publish_action=inserted public_row_id=6335 error_code=- error_class=- retries=0
Full item source_product_id=1063690 status=ready item_id=6446 source_document_id=35275506 publish_action=inserted public_row_id=6336 error_code=- error_class=- retries=0
Full item source_product_id=950360 status=ready item_id=6447 source_document_id=34664544 publish_action=inserted public_row_id=6337 error_code=- error_class=- retries=0
Full item source_product_id=1067430 status=ready item_id=6448 source_document_id=34884992 publish_action=inserted public_row_id=6338 error_code=- error_class=- retries=0
Full item source_product_id=1089466 status=ready item_id=6449 source_document_id=30628736 publish_action=inserted public_row_id=6339 error_code=- error_class=- retries=0
Full item source_product_id=1059141 status=ready item_id=6450 source_document_id=34410803 publish_action=inserted public_row_id=6340 error_code=- error_class=- retries=0
Full item source_product_id=1058651 status=ready item_id=6451 source_document_id=35196342 publish_action=inserted public_row_id=6341 error_code=- error_class=- retries=0
Full item source_product_id=1036982 status=ready item_id=6452 source_document_id=33697714 publish_action=inserted public_row_id=6342 error_code=- error_class=- retries=0
Full item source_product_id=1079489 status=ready item_id=6453 source_document_id=34845894 publish_action=inserted public_row_id=6343 error_code=- error_class=- retries=0
Full item source_product_id=1076796 status=ready item_id=6454 source_document_id=24566818 publish_action=inserted public_row_id=6344 error_code=- error_class=- retries=0
Full item source_product_id=1043050 status=ready item_id=6455 source_document_id=34415388 publish_action=inserted public_row_id=6345 error_code=- error_class=- retries=0
Full item source_product_id=1063997 status=ready item_id=6456 source_document_id=21900950 publish_action=inserted public_row_id=6346 error_code=- error_class=- retries=0
Full item source_product_id=1058838 status=ready item_id=6457 source_document_id=32425421 publish_action=inserted public_row_id=6347 error_code=- error_class=- retries=0
Full item source_product_id=1057770 status=ready item_id=6458 source_document_id=34556051 publish_action=inserted public_row_id=6348 error_code=- error_class=- retries=0
Full item source_product_id=941770 status=ready item_id=6459 source_document_id=35181801 publish_action=inserted public_row_id=6349 error_code=- error_class=- retries=0
Full item source_product_id=515551 status=ready item_id=6460 source_document_id=29920887 publish_action=inserted public_row_id=6350 error_code=- error_class=- retries=0
Full item source_product_id=528294 status=ready item_id=6461 source_document_id=33811406 publish_action=inserted public_row_id=6351 error_code=- error_class=- retries=0
Full item source_product_id=519786 status=ready item_id=6462 source_document_id=34771703 publish_action=inserted public_row_id=6352 error_code=- error_class=- retries=0
Full item source_product_id=527767 status=ready item_id=6463 source_document_id=35223467 publish_action=inserted public_row_id=6353 error_code=- error_class=- retries=0
Full item source_product_id=522249 status=ready item_id=6464 source_document_id=29388287 publish_action=inserted public_row_id=6354 error_code=- error_class=- retries=0
Full item source_product_id=522270 status=ready item_id=6465 source_document_id=34835801 publish_action=inserted public_row_id=6355 error_code=- error_class=- retries=0
Full item source_product_id=522087 status=ready item_id=6466 source_document_id=34556010 publish_action=inserted public_row_id=6356 error_code=- error_class=- retries=0
Full item source_product_id=522841 status=ready item_id=6467 source_document_id=35234506 publish_action=inserted public_row_id=6357 error_code=- error_class=- retries=0
Full item source_product_id=512556 status=ready item_id=6468 source_document_id=11087622 publish_action=inserted public_row_id=6358 error_code=- error_class=- retries=0
Full item source_product_id=490725 status=ready item_id=6469 source_document_id=34199176 publish_action=inserted public_row_id=6359 error_code=- error_class=- retries=0
Full item source_product_id=523371 status=ready item_id=6470 source_document_id=34617037 publish_action=inserted public_row_id=6360 error_code=- error_class=- retries=0
Full item source_product_id=522892 status=ready item_id=6471 source_document_id=13080635 publish_action=inserted public_row_id=6361 error_code=- error_class=- retries=0
Full item source_product_id=125000 status=ready item_id=6472 source_document_id=35331770 publish_action=inserted public_row_id=6362 error_code=- error_class=- retries=0
Full item source_product_id=527839 status=ready item_id=6473 source_document_id=32974641 publish_action=inserted public_row_id=6363 error_code=- error_class=- retries=0
Full item source_product_id=489780 status=ready item_id=6474 source_document_id=34620567 publish_action=inserted public_row_id=6364 error_code=- error_class=- retries=0
Full item source_product_id=514482 status=ready item_id=6475 source_document_id=35166194 publish_action=inserted public_row_id=6365 error_code=- error_class=- retries=0
Full item source_product_id=527534 status=ready item_id=6476 source_document_id=33997425 publish_action=inserted public_row_id=6366 error_code=- error_class=- retries=0
Full item source_product_id=542339 status=ready item_id=6477 source_document_id=34593151 publish_action=inserted public_row_id=6367 error_code=- error_class=- retries=0
Full item source_product_id=523805 status=ready item_id=6478 source_document_id=35213057 publish_action=inserted public_row_id=6368 error_code=- error_class=- retries=0
Full item source_product_id=515710 status=ready item_id=6479 source_document_id=33125746 publish_action=inserted public_row_id=6369 error_code=- error_class=- retries=0
Full item source_product_id=515709 status=ready item_id=6480 source_document_id=34415331 publish_action=inserted public_row_id=6370 error_code=- error_class=- retries=0
Full item source_product_id=513696 status=ready item_id=6481 source_document_id=35265132 publish_action=inserted public_row_id=6371 error_code=- error_class=- retries=0
Full item source_product_id=69823 status=ready item_id=6482 source_document_id=12259533 publish_action=inserted public_row_id=6372 error_code=- error_class=- retries=0
Full item source_product_id=526339 status=ready item_id=6483 source_document_id=34173544 publish_action=inserted public_row_id=6373 error_code=- error_class=- retries=0
Full item source_product_id=527870 status=ready item_id=6484 source_document_id=13621256 publish_action=inserted public_row_id=6374 error_code=- error_class=- retries=0
Full item source_product_id=517158 status=ready item_id=6485 source_document_id=35239100 publish_action=inserted public_row_id=6375 error_code=- error_class=- retries=0
Full item source_product_id=524964 status=ready item_id=6486 source_document_id=34287604 publish_action=inserted public_row_id=6376 error_code=- error_class=- retries=0
Full item source_product_id=524954 status=ready item_id=6487 source_document_id=34616129 publish_action=inserted public_row_id=6377 error_code=- error_class=- retries=0
Full item source_product_id=525548 status=ready item_id=6488 source_document_id=35223347 publish_action=inserted public_row_id=6378 error_code=- error_class=- retries=0
Full item source_product_id=527108 status=ready item_id=6489 source_document_id=34869019 publish_action=inserted public_row_id=6379 error_code=- error_class=- retries=0
Full item source_product_id=519443 status=ready item_id=6490 source_document_id=35264992 publish_action=inserted public_row_id=6380 error_code=- error_class=- retries=0
Full item source_product_id=528679 status=ready item_id=6491 source_document_id=34970117 publish_action=inserted public_row_id=6381 error_code=- error_class=- retries=0
Full item source_product_id=514963 status=ready item_id=6492 source_document_id=35504989 publish_action=inserted public_row_id=6382 error_code=- error_class=- retries=0
Full item source_product_id=529449 status=ready item_id=6493 source_document_id=34854230 publish_action=inserted public_row_id=6383 error_code=- error_class=- retries=0
Full item source_product_id=402223 status=ready item_id=6494 source_document_id=24914878 publish_action=inserted public_row_id=6384 error_code=- error_class=- retries=0
Full item source_product_id=519654 status=ready item_id=6495 source_document_id=35344650 publish_action=inserted public_row_id=6385 error_code=- error_class=- retries=0
Full item source_product_id=429488 status=ready item_id=6496 source_document_id=34740417 publish_action=inserted public_row_id=6386 error_code=- error_class=- retries=0
Full item source_product_id=525025 status=ready item_id=6497 source_document_id=34287327 publish_action=inserted public_row_id=6387 error_code=- error_class=- retries=0
Full item source_product_id=519256 status=ready item_id=6498 source_document_id=35401175 publish_action=inserted public_row_id=6388 error_code=- error_class=- retries=0
Full item source_product_id=524966 status=ready item_id=6499 source_document_id=34344618 publish_action=inserted public_row_id=6389 error_code=- error_class=- retries=0
Full item source_product_id=520367 status=ready item_id=6500 source_document_id=32737974 publish_action=inserted public_row_id=6390 error_code=- error_class=- retries=0
Full item source_product_id=520607 status=ready item_id=6501 source_document_id=18024295 publish_action=inserted public_row_id=6391 error_code=- error_class=- retries=0
Full item source_product_id=521266 status=ready item_id=6502 source_document_id=32836435 publish_action=inserted public_row_id=6392 error_code=- error_class=- retries=0
Full item source_product_id=523978 status=ready item_id=6503 source_document_id=34913956 publish_action=inserted public_row_id=6393 error_code=- error_class=- retries=0
Full item source_product_id=521489 status=ready item_id=6504 source_document_id=26802143 publish_action=inserted public_row_id=6394 error_code=- error_class=- retries=0
Full item source_product_id=521560 status=ready item_id=6505 source_document_id=34977936 publish_action=inserted public_row_id=6395 error_code=- error_class=- retries=0
Full item source_product_id=3580639 status=ready item_id=6506 source_document_id=35334411 publish_action=inserted public_row_id=6396 error_code=- error_class=- retries=0
Full item source_product_id=708186 status=ready item_id=6507 source_document_id=34455415 publish_action=inserted public_row_id=6397 error_code=- error_class=- retries=0
Full item source_product_id=673589 status=ready item_id=6508 source_document_id=34983686 publish_action=inserted public_row_id=6398 error_code=- error_class=- retries=0
Full item source_product_id=722292 status=ready item_id=6509 source_document_id=33851378 publish_action=inserted public_row_id=6399 error_code=- error_class=- retries=0
Full item source_product_id=714216 status=ready item_id=6510 source_document_id=34871723 publish_action=inserted public_row_id=6400 error_code=- error_class=- retries=0
Full item source_product_id=721415 status=ready item_id=6511 source_document_id=34357280 publish_action=inserted public_row_id=6401 error_code=- error_class=- retries=0
Full item source_product_id=682045 status=ready item_id=6512 source_document_id=33847070 publish_action=inserted public_row_id=6402 error_code=- error_class=- retries=0
Full item source_product_id=721410 status=ready item_id=6513 source_document_id=34954902 publish_action=inserted public_row_id=6403 error_code=- error_class=- retries=0
Full item source_product_id=743852 status=ready item_id=6514 source_document_id=33231327 publish_action=inserted public_row_id=6404 error_code=- error_class=- retries=0
Full item source_product_id=738877 status=ready item_id=6515 source_document_id=34769634 publish_action=inserted public_row_id=6405 error_code=- error_class=- retries=0
Full item source_product_id=735806 status=ready item_id=6516 source_document_id=34716505 publish_action=inserted public_row_id=6406 error_code=- error_class=- retries=0
Full item source_product_id=664082 status=ready item_id=6517 source_document_id=34864078 publish_action=inserted public_row_id=6407 error_code=- error_class=- retries=0
Full item source_product_id=740898 status=ready item_id=6518 source_document_id=34557834 publish_action=inserted public_row_id=6408 error_code=- error_class=- retries=0
Full item source_product_id=722801 status=ready item_id=6519 source_document_id=29348359 publish_action=inserted public_row_id=6409 error_code=- error_class=- retries=0
Full item source_product_id=734149 status=ready item_id=6520 source_document_id=35040971 publish_action=inserted public_row_id=6410 error_code=- error_class=- retries=0
Full item source_product_id=692105 status=ready item_id=6521 source_document_id=34676078 publish_action=inserted public_row_id=6411 error_code=- error_class=- retries=0
Full item source_product_id=741906 status=ready item_id=6522 source_document_id=29808831 publish_action=inserted public_row_id=6412 error_code=- error_class=- retries=0
Full item source_product_id=743623 status=ready item_id=6523 source_document_id=35262470 publish_action=inserted public_row_id=6413 error_code=- error_class=- retries=0
Full item source_product_id=1118 status=ready item_id=6524 source_document_id=34615704 publish_action=inserted public_row_id=6414 error_code=- error_class=- retries=0
Full item source_product_id=738033 status=ready item_id=6525 source_document_id=11556074 publish_action=inserted public_row_id=6415 error_code=- error_class=- retries=0
Full item source_product_id=716425 status=ready item_id=6526 source_document_id=34218515 publish_action=inserted public_row_id=6416 error_code=- error_class=- retries=0
Full item source_product_id=739137 status=ready item_id=6527 source_document_id=35163827 publish_action=inserted public_row_id=6417 error_code=- error_class=- retries=0
Full item source_product_id=725658 status=ready item_id=6528 source_document_id=16112428 publish_action=inserted public_row_id=6418 error_code=- error_class=- retries=0
Full item source_product_id=717141 status=ready item_id=6529 source_document_id=34435992 publish_action=inserted public_row_id=6419 error_code=- error_class=- retries=0
Full item source_product_id=695247 status=ready item_id=6530 source_document_id=34892780 publish_action=inserted public_row_id=6420 error_code=- error_class=- retries=0
Full item source_product_id=711339 status=ready item_id=6531 source_document_id=34967645 publish_action=inserted public_row_id=6421 error_code=- error_class=- retries=0
Full item source_product_id=742072 status=ready item_id=6532 source_document_id=35446397 publish_action=inserted public_row_id=6422 error_code=- error_class=- retries=0
Full item source_product_id=672419 status=ready item_id=6533 source_document_id=32506893 publish_action=inserted public_row_id=6423 error_code=- error_class=- retries=0
Full item source_product_id=738914 status=ready item_id=6534 source_document_id=35545942 publish_action=inserted public_row_id=6424 error_code=- error_class=- retries=0
Full item source_product_id=741340 status=ready item_id=6535 source_document_id=24617556 publish_action=inserted public_row_id=6425 error_code=- error_class=- retries=0
Full item source_product_id=733045 status=ready item_id=6536 source_document_id=33975683 publish_action=inserted public_row_id=6426 error_code=- error_class=- retries=0
Full item source_product_id=672238 status=ready item_id=6537 source_document_id=34565605 publish_action=inserted public_row_id=6427 error_code=- error_class=- retries=0
Full item source_product_id=734218 status=ready item_id=6538 source_document_id=34357882 publish_action=inserted public_row_id=6428 error_code=- error_class=- retries=0
Full item source_product_id=710446 status=ready item_id=6539 source_document_id=10267377 publish_action=inserted public_row_id=6429 error_code=- error_class=- retries=0
Full item source_product_id=367103 status=ready item_id=6540 source_document_id=35357190 publish_action=inserted public_row_id=6430 error_code=- error_class=- retries=0
Full item source_product_id=738141 status=ready item_id=6541 source_document_id=30256794 publish_action=inserted public_row_id=6431 error_code=- error_class=- retries=0
Full item source_product_id=723729 status=ready item_id=6542 source_document_id=34544134 publish_action=inserted public_row_id=6432 error_code=- error_class=- retries=0
Full item source_product_id=541434 status=ready item_id=6543 source_document_id=34694264 publish_action=inserted public_row_id=6433 error_code=- error_class=- retries=0
Full item source_product_id=740682 status=ready item_id=6544 source_document_id=35244780 publish_action=inserted public_row_id=6434 error_code=- error_class=- retries=0
Full item source_product_id=732981 status=ready item_id=6545 source_document_id=33239012 publish_action=inserted public_row_id=6435 error_code=- error_class=- retries=0
Full item source_product_id=738660 status=ready item_id=6546 source_document_id=34863537 publish_action=inserted public_row_id=6436 error_code=- error_class=- retries=0
Full item source_product_id=682756 status=ready item_id=6547 source_document_id=14048965 publish_action=inserted public_row_id=6437 error_code=- error_class=- retries=0
Full item source_product_id=528668 status=ready item_id=6548 source_document_id=34773115 publish_action=inserted public_row_id=6438 error_code=- error_class=- retries=0
Full item source_product_id=731961 status=ready item_id=6549 source_document_id=34637782 publish_action=inserted public_row_id=6439 error_code=- error_class=- retries=0
Full item source_product_id=726592 status=ready item_id=6550 source_document_id=34646659 publish_action=inserted public_row_id=6440 error_code=- error_class=- retries=0
Full item source_product_id=731007 status=ready item_id=6551 source_document_id=34357857 publish_action=inserted public_row_id=6441 error_code=- error_class=- retries=0
Full item source_product_id=726372 status=ready item_id=6552 source_document_id=35200865 publish_action=inserted public_row_id=6442 error_code=- error_class=- retries=0
Full item source_product_id=1060763 status=ready item_id=6553 source_document_id=35051748 publish_action=inserted public_row_id=6443 error_code=- error_class=- retries=0
Full item source_product_id=1085531 status=ready item_id=6554 source_document_id=35237068 publish_action=inserted public_row_id=6444 error_code=- error_class=- retries=0
Full item source_product_id=863477 status=ready item_id=6555 source_document_id=34889676 publish_action=inserted public_row_id=6445 error_code=- error_class=- retries=0
Full item source_product_id=1092427 status=ready item_id=6556 source_document_id=34540646 publish_action=inserted public_row_id=6446 error_code=- error_class=- retries=0
Full item source_product_id=1038461 status=ready item_id=6557 source_document_id=25815024 publish_action=inserted public_row_id=6447 error_code=- error_class=- retries=0
Full item source_product_id=1038687 status=ready item_id=6558 source_document_id=34791944 publish_action=inserted public_row_id=6448 error_code=- error_class=- retries=0
Full item source_product_id=1089266 status=ready item_id=6559 source_document_id=35292907 publish_action=inserted public_row_id=6449 error_code=- error_class=- retries=0
Full item source_product_id=1074640 status=ready item_id=6560 source_document_id=34528662 publish_action=inserted public_row_id=6450 error_code=- error_class=- retries=0
Full item source_product_id=1034352 status=ready item_id=6561 source_document_id=32350563 publish_action=inserted public_row_id=6451 error_code=- error_class=- retries=0
Full item source_product_id=1059619 status=ready item_id=6562 source_document_id=31129302 publish_action=inserted public_row_id=6452 error_code=- error_class=- retries=0
Full item source_product_id=69910 status=ready item_id=6563 source_document_id=34122438 publish_action=inserted public_row_id=6453 error_code=- error_class=- retries=0
Full item source_product_id=1056203 status=ready item_id=6564 source_document_id=32627620 publish_action=inserted public_row_id=6454 error_code=- error_class=- retries=0
Full item source_product_id=804273 status=ready item_id=6565 source_document_id=34856946 publish_action=inserted public_row_id=6455 error_code=- error_class=- retries=0
Full item source_product_id=1065535 status=ready item_id=6566 source_document_id=35414695 publish_action=inserted public_row_id=6456 error_code=- error_class=- retries=0
Full item source_product_id=1280500 status=ready item_id=6567 source_document_id=35509977 publish_action=inserted public_row_id=6457 error_code=- error_class=- retries=0
Full item source_product_id=1068608 status=ready item_id=6568 source_document_id=32154526 publish_action=inserted public_row_id=6458 error_code=- error_class=- retries=0
Full item source_product_id=1092984 status=ready item_id=6569 source_document_id=35413009 publish_action=inserted public_row_id=6459 error_code=- error_class=- retries=0
Full item source_product_id=1070603 status=ready item_id=6570 source_document_id=35186145 publish_action=inserted public_row_id=6460 error_code=- error_class=- retries=0
Full item source_product_id=1058666 status=ready item_id=6571 source_document_id=34570367 publish_action=inserted public_row_id=6461 error_code=- error_class=- retries=0
Full item source_product_id=1077349 status=ready item_id=6572 source_document_id=24927756 publish_action=inserted public_row_id=6462 error_code=- error_class=- retries=0
Full item source_product_id=1058834 status=ready item_id=6573 source_document_id=31129069 publish_action=inserted public_row_id=6463 error_code=- error_class=- retries=0
Full item source_product_id=1059428 status=ready item_id=6574 source_document_id=30940875 publish_action=inserted public_row_id=6464 error_code=- error_class=- retries=0
Full item source_product_id=1061075 status=ready item_id=6575 source_document_id=35552778 publish_action=inserted public_row_id=6465 error_code=- error_class=- retries=0
Full item source_product_id=1057111 status=ready item_id=6576 source_document_id=12145519 publish_action=inserted public_row_id=6466 error_code=- error_class=- retries=0
Full item source_product_id=860718 status=ready item_id=6577 source_document_id=34367724 publish_action=inserted public_row_id=6467 error_code=- error_class=- retries=0
Full item source_product_id=1058585 status=ready item_id=6578 source_document_id=30947675 publish_action=inserted public_row_id=6468 error_code=- error_class=- retries=0
Full item source_product_id=1085870 status=ready item_id=6579 source_document_id=32457871 publish_action=inserted public_row_id=6469 error_code=- error_class=- retries=0
Full item source_product_id=1116832 status=ready item_id=6580 source_document_id=34906653 publish_action=inserted public_row_id=6470 error_code=- error_class=- retries=0
Full item source_product_id=1058494 status=ready item_id=6581 source_document_id=34552462 publish_action=inserted public_row_id=6471 error_code=- error_class=- retries=0
Full item source_product_id=1062136 status=ready item_id=6582 source_document_id=34755799 publish_action=inserted public_row_id=6472 error_code=- error_class=- retries=0
Full item source_product_id=1063841 status=ready item_id=6583 source_document_id=34906492 publish_action=inserted public_row_id=6473 error_code=- error_class=- retries=0
Full item source_product_id=1085396 status=ready item_id=6584 source_document_id=34540632 publish_action=inserted public_row_id=6474 error_code=- error_class=- retries=0
Full item source_product_id=1058859 status=ready item_id=6585 source_document_id=31129049 publish_action=inserted public_row_id=6475 error_code=- error_class=- retries=0
Full item source_product_id=1042855 status=ready item_id=6586 source_document_id=34925151 publish_action=inserted public_row_id=6476 error_code=- error_class=- retries=0
Full item source_product_id=1059391 status=ready item_id=6587 source_document_id=34946871 publish_action=inserted public_row_id=6477 error_code=- error_class=- retries=0
Full item source_product_id=1088510 status=ready item_id=6588 source_document_id=35561360 publish_action=inserted public_row_id=6478 error_code=- error_class=- retries=0
Full item source_product_id=1057065 status=ready item_id=6589 source_document_id=34584733 publish_action=inserted public_row_id=6479 error_code=- error_class=- retries=0
Full item source_product_id=1093923 status=ready item_id=6590 source_document_id=17475531 publish_action=inserted public_row_id=6480 error_code=- error_class=- retries=0
Full item source_product_id=1034317 status=ready item_id=6591 source_document_id=35273633 publish_action=inserted public_row_id=6481 error_code=- error_class=- retries=0
Full item source_product_id=1084931 status=ready item_id=6592 source_document_id=33700479 publish_action=inserted public_row_id=6482 error_code=- error_class=- retries=0
Full item source_product_id=1085275 status=ready item_id=6593 source_document_id=34602019 publish_action=inserted public_row_id=6483 error_code=- error_class=- retries=0
Full item source_product_id=1086807 status=ready item_id=6594 source_document_id=35212015 publish_action=inserted public_row_id=6484 error_code=- error_class=- retries=0
Full item source_product_id=1063773 status=ready item_id=6595 source_document_id=35298812 publish_action=inserted public_row_id=6485 error_code=- error_class=- retries=0
Full item source_product_id=1071743 status=ready item_id=6596 source_document_id=34694350 publish_action=inserted public_row_id=6486 error_code=- error_class=- retries=0
Full item source_product_id=3599893 status=ready item_id=6597 source_document_id=34373858 publish_action=inserted public_row_id=6487 error_code=- error_class=- retries=0
Full item source_product_id=1042501 status=ready item_id=6598 source_document_id=35227074 publish_action=inserted public_row_id=6488 error_code=- error_class=- retries=0
Full item source_product_id=1086042 status=ready item_id=6599 source_document_id=35212680 publish_action=inserted public_row_id=6489 error_code=- error_class=- retries=0
Full item source_product_id=3631165 status=ready item_id=6600 source_document_id=35580324 publish_action=inserted public_row_id=6490 error_code=- error_class=- retries=0
